PRAGMA foreign_keys=OFF;
BEGIN TRANSACTION;
CREATE TABLE "django_migrations" ("id" integer NOT NULL PRIMARY KEY AUTOINCREMENT, "app" varchar(255) NOT NULL, "name" varchar(255) NOT NULL, "applied" datetime NOT NULL);
INSERT INTO "django_migrations" VALUES(1,'positions','0001_initial','2023-12-21 13:44:26.400007');
INSERT INTO "django_migrations" VALUES(2,'departments','0001_initial','2023-12-21 13:44:26.411506');
INSERT INTO "django_migrations" VALUES(3,'accounts','0001_initial','2023-12-21 13:44:26.430619');
INSERT INTO "django_migrations" VALUES(4,'contenttypes','0001_initial','2023-12-21 13:44:26.443204');
INSERT INTO "django_migrations" VALUES(5,'admin','0001_initial','2023-12-21 13:44:26.462146');
INSERT INTO "django_migrations" VALUES(6,'admin','0002_logentry_remove_auto_add','2023-12-21 13:44:26.479822');
INSERT INTO "django_migrations" VALUES(7,'admin','0003_logentry_add_action_flag_choices','2023-12-21 13:44:26.491979');
INSERT INTO "django_migrations" VALUES(8,'contenttypes','0002_remove_content_type_name','2023-12-21 13:44:26.514058');
INSERT INTO "django_migrations" VALUES(9,'auth','0001_initial','2023-12-21 13:44:26.560085');
INSERT INTO "django_migrations" VALUES(10,'auth','0002_alter_permission_name_max_length','2023-12-21 13:44:26.577617');
INSERT INTO "django_migrations" VALUES(11,'auth','0003_alter_user_email_max_length','2023-12-21 13:44:26.589129');
INSERT INTO "django_migrations" VALUES(12,'auth','0004_alter_user_username_opts','2023-12-21 13:44:26.599449');
INSERT INTO "django_migrations" VALUES(13,'auth','0005_alter_user_last_login_null','2023-12-21 13:44:26.609551');
INSERT INTO "django_migrations" VALUES(14,'auth','0006_require_contenttypes_0002','2023-12-21 13:44:26.617800');
INSERT INTO "django_migrations" VALUES(15,'auth','0007_alter_validators_add_error_messages','2023-12-21 13:44:26.628566');
INSERT INTO "django_migrations" VALUES(16,'auth','0008_alter_user_username_max_length','2023-12-21 13:44:26.640351');
INSERT INTO "django_migrations" VALUES(17,'auth','0009_alter_user_last_name_max_length','2023-12-21 13:44:26.650649');
INSERT INTO "django_migrations" VALUES(18,'auth','0010_alter_group_name_max_length','2023-12-21 13:44:26.666243');
INSERT INTO "django_migrations" VALUES(19,'auth','0011_update_proxy_permissions','2023-12-21 13:44:26.679915');
INSERT INTO "django_migrations" VALUES(20,'auth','0012_alter_user_first_name_max_length','2023-12-21 13:44:26.693662');
INSERT INTO "django_migrations" VALUES(21,'sessions','0001_initial','2023-12-21 13:44:26.709466');
INSERT INTO "django_migrations" VALUES(22,'accounts','0002_rename_departrment_account_department','2023-12-22 05:31:43.388840');
INSERT INTO "django_migrations" VALUES(23,'accounts','0003_account_pofile_pic','2023-12-22 06:18:23.983769');
INSERT INTO "django_migrations" VALUES(24,'accounts','0004_remove_account_pofile_pic_account_profile_pic','2023-12-22 07:14:00.549069');
INSERT INTO "django_migrations" VALUES(25,'accounts','0005_alter_account_profile_pic','2023-12-22 12:42:20.386236');
INSERT INTO "django_migrations" VALUES(26,'accounts','0006_alter_account_work_finish_date_and_more','2023-12-26 05:48:41.253305');
INSERT INTO "django_migrations" VALUES(27,'accounts','0007_alter_account_work_finish_date_and_more','2023-12-26 05:48:41.267950');
INSERT INTO "django_migrations" VALUES(28,'accounts','0008_remove_account_profile_pic','2023-12-26 05:48:41.283355');
INSERT INTO "django_migrations" VALUES(29,'accounts','0009_alter_account_nssf_number','2023-12-26 05:48:41.291041');
INSERT INTO "django_migrations" VALUES(30,'accounts','0010_alter_account_financial_number_and_more','2023-12-27 07:17:18.734502');
INSERT INTO "django_migrations" VALUES(31,'accounts','0011_alter_account_address_alter_account_remarks','2023-12-27 07:25:29.401483');
INSERT INTO "django_migrations" VALUES(32,'vacations','0001_initial','2023-12-29 12:27:41.299845');
INSERT INTO "django_migrations" VALUES(33,'vacations','0002_vacation_vac_date','2023-12-29 13:10:28.762329');
INSERT INTO "django_migrations" VALUES(34,'vacations','0003_alter_vacation_ampm','2024-01-02 05:22:30.459728');
INSERT INTO "django_migrations" VALUES(35,'vacations','0004_alter_vacation_nodays','2024-01-03 06:58:24.189301');
INSERT INTO "django_migrations" VALUES(36,'vacations','0005_employeeleavestat_description','2024-01-08 06:33:18.707006');
INSERT INTO "django_migrations" VALUES(37,'accounts','0012_account_profile_pic','2024-01-10 09:19:07.856311');
INSERT INTO "django_migrations" VALUES(38,'vacations','0006_vacation_first_approval_vacation_second_approval_and_more','2024-01-15 05:11:49.789406');
INSERT INTO "django_migrations" VALUES(39,'vacations','0007_vacation_fourth_approval','2024-01-15 05:11:49.812072');
INSERT INTO "django_migrations" VALUES(40,'vacations','0008_vacation_first_app_status_vacation_fourth_app_status_and_more','2024-01-15 05:11:49.860751');
INSERT INTO "django_migrations" VALUES(41,'accounts','0013_account_is_haed','2024-01-15 06:31:51.374940');
INSERT INTO "django_migrations" VALUES(42,'accounts','0014_remove_account_is_haed_account_is_head','2024-01-15 06:34:55.985422');
INSERT INTO "django_migrations" VALUES(43,'accounts','0015_account_has_vac_ent','2024-01-15 08:10:23.254064');
INSERT INTO "django_migrations" VALUES(44,'vacations','0009_vacation_approved','2024-01-15 11:40:11.881822');
INSERT INTO "django_migrations" VALUES(45,'vacations','0010_remove_vacation_approved_vacation_status','2024-01-15 12:24:26.051841');
INSERT INTO "django_migrations" VALUES(46,'vacations','0011_vacation_approval_position','2024-01-15 13:27:36.826742');
INSERT INTO "django_migrations" VALUES(47,'accounts','0016_account_groups_account_is_superuser_and_more','2024-01-19 05:26:43.188509');
INSERT INTO "django_migrations" VALUES(48,'accounts','0017_remove_account_is_superadmin_and_more','2024-01-19 05:26:43.217941');
INSERT INTO "django_migrations" VALUES(49,'accounts','0018_account_is_superadmin_alter_account_is_superuser','2024-01-19 05:26:43.254065');
INSERT INTO "django_migrations" VALUES(50,'accounts','0019_remove_account_is_superadmin_and_more','2024-01-19 05:50:53.524565');
INSERT INTO "django_migrations" VALUES(51,'accounts','0020_alter_account_date_joined','2024-01-19 07:20:24.492597');
INSERT INTO "django_migrations" VALUES(52,'accounts','0021_alter_account_last_login','2024-01-19 07:22:22.410009');
INSERT INTO "django_migrations" VALUES(53,'guardian','0001_initial','2024-01-19 12:29:40.895691');
INSERT INTO "django_migrations" VALUES(54,'guardian','0002_generic_permissions_index','2024-01-19 12:29:40.922350');
INSERT INTO "django_migrations" VALUES(55,'overtime','0001_initial','2024-01-29 05:21:32.754127');
INSERT INTO "django_migrations" VALUES(56,'overtime','0002_alter_overtime_to_time','2024-01-29 05:21:32.776815');
INSERT INTO "django_migrations" VALUES(57,'overtime','0003_rename_description_overtime_reason','2024-01-29 07:15:39.021308');
INSERT INTO "django_migrations" VALUES(58,'vacations','0012_vacation_first_app_date','2024-02-02 07:49:16.518444');
INSERT INTO "django_migrations" VALUES(59,'vacations','0013_vacation_fourth_app_date_vacation_second_app_date_and_more','2024-02-02 07:49:16.582553');
CREATE TABLE "positions_position" ("id" integer NOT NULL PRIMARY KEY AUTOINCREMENT, "title" varchar(100) NOT NULL UNIQUE, "description" text NOT NULL);
INSERT INTO "positions_position" VALUES(1,'Admin Head','Admin Head1');
INSERT INTO "positions_position" VALUES(2,'Admin Staff','Admin Staff');
INSERT INTO "positions_position" VALUES(3,'Assistant Safety Officer','Assistant Safety Officer');
INSERT INTO "positions_position" VALUES(4,'Assistant Store Keeper','Assistant Store Keeper');
INSERT INTO "positions_position" VALUES(5,'CCR Operator','CCR Operator');
INSERT INTO "positions_position" VALUES(6,'Chemical Assistant','Chemical Assistant');
INSERT INTO "positions_position" VALUES(8,'Chemical Engineer','Chemical Engineer');
INSERT INTO "positions_position" VALUES(9,'Chemist Helper','Chemist Helper');
INSERT INTO "positions_position" VALUES(10,'Cleaning Foreman','Cleaning Foreman');
INSERT INTO "positions_position" VALUES(11,'Cleaning Laborer','Cleaning Laborer');
INSERT INTO "positions_position" VALUES(12,'Crane/Forklift Operator','Crane/Forklift Operator');
INSERT INTO "positions_position" VALUES(13,'DCS Engineer','DCS Engineer');
INSERT INTO "positions_position" VALUES(14,'Deputy Maintenance Head','Deputy Maintenance Head');
INSERT INTO "positions_position" VALUES(15,'Driver','Driver');
INSERT INTO "positions_position" VALUES(16,'Electrical Engineer','Electrical Engineer');
INSERT INTO "positions_position" VALUES(17,'Electrical Fitter','Electrical Fitter');
INSERT INTO "positions_position" VALUES(18,'Electrical Technician','Electrical Technician');
INSERT INTO "positions_position" VALUES(19,'Electrical Technician / Lighting','Electrical Technician / Lighting');
INSERT INTO "positions_position" VALUES(20,'Executive Secretary / Accountant','Executive Secretary / Accountant');
INSERT INTO "positions_position" VALUES(21,'Field Operator','Field Operator');
INSERT INTO "positions_position" VALUES(22,'First Aid Nurse','First Aid Nurse');
INSERT INTO "positions_position" VALUES(23,'FO Load/Unloading','FO Load/Unloading');
INSERT INTO "positions_position" VALUES(24,'General Assistant','General Assistant');
INSERT INTO "positions_position" VALUES(25,'General Operative','General Operative');
INSERT INTO "positions_position" VALUES(26,'Head of Security','Head of Security');
INSERT INTO "positions_position" VALUES(27,'HVAC Foreman','HVAC Foreman');
INSERT INTO "positions_position" VALUES(28,'I&C Engineer','I&C Engineer');
INSERT INTO "positions_position" VALUES(29,'I&C Fitter','I&C Fitter');
INSERT INTO "positions_position" VALUES(30,'I&C Helper','I&C Helper');
INSERT INTO "positions_position" VALUES(31,'I&C Technician','I&C Technician');
INSERT INTO "positions_position" VALUES(32,'IT Administrator','IT Administrator');
INSERT INTO "positions_position" VALUES(33,'Maintenance Assistant','Maintenance Assistant');
INSERT INTO "positions_position" VALUES(34,'Maintenance Fitter','Maintenance Fitter');
INSERT INTO "positions_position" VALUES(35,'Mec Engineer','Mec Engineer');
INSERT INTO "positions_position" VALUES(36,'Mechanical Fitter','Mechanical Fitter');
INSERT INTO "positions_position" VALUES(37,'Mechanical Technician','Mechanical Technician');
INSERT INTO "positions_position" VALUES(38,'Mechanical Welder','Mechanical Welder');
INSERT INTO "positions_position" VALUES(39,'Ops Dept Assistant','Ops Dept Assistant');
INSERT INTO "positions_position" VALUES(40,'Painter','Painter');
INSERT INTO "positions_position" VALUES(42,'Purchasing Supervisor','Purchasing Supervisor');
INSERT INTO "positions_position" VALUES(43,'Receptionist','Receptionist');
INSERT INTO "positions_position" VALUES(44,'Security Guard','Security Guard');
INSERT INTO "positions_position" VALUES(45,'Shift in Charge','Shift in Charge');
INSERT INTO "positions_position" VALUES(46,'Social Security','Social Security');
INSERT INTO "positions_position" VALUES(47,'SS Operator','SS Operator');
INSERT INTO "positions_position" VALUES(48,'Statistician Engineer','Statistician Engineer');
INSERT INTO "positions_position" VALUES(49,'Store Keeper','Store Keeper');
INSERT INTO "positions_position" VALUES(50,'Technician/Painter','Technician/Painter');
INSERT INTO "positions_position" VALUES(51,'Thermal Insulation/GSR','Thermal Insulation/GSR');
INSERT INTO "positions_position" VALUES(52,'Vibration Analyst','Vibration Analyst');
INSERT INTO "positions_position" VALUES(53,'Superintendent','Superintendent');
INSERT INTO "positions_position" VALUES(54,'Operation Head','Operation Head');
INSERT INTO "positions_position" VALUES(55,'Administrator','Administrator');
CREATE TABLE "departments_department" ("id" integer NOT NULL PRIMARY KEY AUTOINCREMENT, "name" varchar(100) NOT NULL UNIQUE, "description" text NOT NULL);
INSERT INTO "departments_department" VALUES(1,'MEC','Mechanical Dep');
INSERT INTO "departments_department" VALUES(2,'INS','Instrument Dep');
INSERT INTO "departments_department" VALUES(3,'IT','IT Dep');
INSERT INTO "departments_department" VALUES(4,'OPER','Operation Department');
INSERT INTO "departments_department" VALUES(5,'MAINT','Maintenance Department');
INSERT INTO "departments_department" VALUES(6,'ADMIN','Administration Department');
INSERT INTO "departments_department" VALUES(7,'ELE','Electrical Department');
INSERT INTO "departments_department" VALUES(8,'GSR','General Services');
CREATE TABLE "django_admin_log" ("id" integer NOT NULL PRIMARY KEY AUTOINCREMENT, "object_id" text NULL, "object_repr" varchar(200) NOT NULL, "action_flag" smallint unsigned NOT NULL CHECK ("action_flag" >= 0), "change_message" text NOT NULL, "content_type_id" integer NULL REFERENCES "django_content_type" ("id") DEFERRABLE INITIALLY DEFERRED, "user_id" bigint NOT NULL REFERENCES "accounts_account" ("id") DEFERRABLE INITIALLY DEFERRED, "action_time" datetime NOT NULL);
INSERT INTO "django_admin_log" VALUES(63,'6','raed@live.com',3,'',8,7,'2023-12-26 12:37:22.359066');
INSERT INTO "django_admin_log" VALUES(64,'8','Abdallah.ElHajj@primesouth.com.lb',1,'[{"added": {}}]',8,7,'2023-12-27 07:19:10.173402');
INSERT INTO "django_admin_log" VALUES(65,'8','Abdallah.ElHajj@primesouth.com.lb',3,'',8,7,'2023-12-27 07:19:28.586342');
INSERT INTO "django_admin_log" VALUES(66,'111','Mustafa.unaldi@primesouth.com.lb',1,'new through import_export',8,7,'2023-12-27 07:27:55.738592');
INSERT INTO "django_admin_log" VALUES(67,'104','Tarek.Merheb@primesouth.com.lb',1,'new through import_export',8,7,'2023-12-27 07:27:55.745626');
INSERT INTO "django_admin_log" VALUES(68,'98','Sandra.Saad@primesouth.com.lb',1,'new through import_export',8,7,'2023-12-27 07:27:55.753299');
INSERT INTO "django_admin_log" VALUES(69,'29','Georges.Pharoun@primesouth.com.lb',1,'new through import_export',8,7,'2023-12-27 07:27:55.760663');
INSERT INTO "django_admin_log" VALUES(70,'110','Adel.Adraa@primesouth.com.lb',1,'new through import_export',8,7,'2023-12-27 07:27:55.768520');
INSERT INTO "django_admin_log" VALUES(71,'91','Roland.Khoury@primesouth.com.lb',1,'new through import_export',8,7,'2023-12-27 07:31:07.273540');
INSERT INTO "django_admin_log" VALUES(72,'53','Khaled.Chehadeh@primesouth.com.lb',1,'new through import_export',8,7,'2023-12-27 07:33:14.321720');
INSERT INTO "django_admin_log" VALUES(73,'58','Khalil.El-Eter@primesouth.com.lb',1,'new through import_export',8,7,'2023-12-27 07:33:14.328766');
INSERT INTO "django_admin_log" VALUES(74,'101','Talal.Mawas@primesouth.com.lb',1,'new through import_export',8,7,'2023-12-27 07:33:14.334972');
INSERT INTO "django_admin_log" VALUES(75,'44','Issam.Abou-Chaker@primesouth.com.lb',1,'new through import_export',8,7,'2023-12-27 07:34:37.204025');
INSERT INTO "django_admin_log" VALUES(76,'38','Haysal.Ghamrawi@primesouth.com.lb',1,'new through import_export',8,7,'2023-12-27 07:36:10.785214');
INSERT INTO "django_admin_log" VALUES(77,'65','Mahmoud.Alwan@primesouth.com.lb',1,'new through import_export',8,7,'2023-12-27 07:36:10.791819');
INSERT INTO "django_admin_log" VALUES(78,'1','Abdallah.ElHajj@primesouth.com.lb',1,'new through import_export',8,7,'2023-12-27 07:36:56.109439');
INSERT INTO "django_admin_log" VALUES(79,'2','Abdallah.Hadad@primesouth.com.lb',1,'new through import_export',8,7,'2023-12-27 07:36:56.116475');
INSERT INTO "django_admin_log" VALUES(80,'3','Abdel.BassetElNazer@primesouth.com.lb',1,'new through import_export',8,7,'2023-12-27 07:36:56.123082');
INSERT INTO "django_admin_log" VALUES(81,'4','Abdel-khalek.Seif@primesouth.com.lb',1,'new through import_export',8,7,'2023-12-27 07:36:56.129025');
INSERT INTO "django_admin_log" VALUES(82,'5','Abdul-Rahman.Kabara@primesouth.com.lb',1,'new through import_export',8,7,'2023-12-27 07:36:56.135234');
INSERT INTO "django_admin_log" VALUES(83,'6','Abdo.Rached@primesouth.com.lb',1,'new through import_export',8,7,'2023-12-27 07:36:56.141611');
INSERT INTO "django_admin_log" VALUES(84,'8','Adel.Atieh@primesouth.com.lb',1,'new through import_export',8,7,'2023-12-27 07:36:56.149882');
INSERT INTO "django_admin_log" VALUES(85,'9','Ahmad.Alameddine@primesouth.com.lb',1,'new through import_export',8,7,'2023-12-27 07:36:56.157766');
INSERT INTO "django_admin_log" VALUES(86,'10','Ahmad.El-kheir@primesouth.com.lb',1,'new through import_export',8,7,'2023-12-27 07:36:56.165408');
INSERT INTO "django_admin_log" VALUES(87,'11','Ahmad.Eid@primesouth.com.lb',1,'new through import_export',8,7,'2023-12-27 07:36:56.173270');
INSERT INTO "django_admin_log" VALUES(88,'12','Ahmad.El-Masri@primesouth.com.lb',1,'new through import_export',8,7,'2023-12-27 07:36:56.182806');
INSERT INTO "django_admin_log" VALUES(89,'13','Akram.Eid@primesouth.com.lb',1,'new through import_export',8,7,'2023-12-27 07:36:56.189266');
INSERT INTO "django_admin_log" VALUES(90,'14','Ali.El-kheir@primesouth.com.lb',1,'new through import_export',8,7,'2023-12-27 07:36:56.195252');
INSERT INTO "django_admin_log" VALUES(91,'15','Ali.El-Masri@primesouth.com.lb',1,'new through import_export',8,7,'2023-12-27 07:36:56.200388');
INSERT INTO "django_admin_log" VALUES(92,'16','Alaa.Dahabi@primesouth.com.lb',1,'new through import_export',8,7,'2023-12-27 07:36:56.205717');
INSERT INTO "django_admin_log" VALUES(93,'17','Amer.Souk@primesouth.com.lb',1,'new through import_export',8,7,'2023-12-27 07:36:56.212274');
INSERT INTO "django_admin_log" VALUES(94,'18','Ahmad.Accoumeh@primesouth.com.lb',1,'new through import_export',8,7,'2023-12-27 07:36:56.216948');
INSERT INTO "django_admin_log" VALUES(95,'19','Ayman.Sobhiye@primesouth.com.lb',1,'new through import_export',8,7,'2023-12-27 07:36:56.224118');
INSERT INTO "django_admin_log" VALUES(96,'20','Bachir.Aadra@primesouth.com.lb',1,'new through import_export',8,7,'2023-12-27 07:36:56.229588');
INSERT INTO "django_admin_log" VALUES(97,'21','Charbel.Arida@primesouth.com.lb',1,'new through import_export',8,7,'2023-12-27 07:36:56.236440');
INSERT INTO "django_admin_log" VALUES(98,'22','Chaza.Adhami@primesouth.com.lb',1,'new through import_export',8,7,'2023-12-27 07:36:56.242419');
INSERT INTO "django_admin_log" VALUES(99,'23','Daoud.Fawaz@primesouth.com.lb',1,'new through import_export',8,7,'2023-12-27 07:36:56.248451');
INSERT INTO "django_admin_log" VALUES(100,'24','Dany.Safi@primesouth.com.lb',1,'new through import_export',8,7,'2023-12-27 07:36:56.254448');
INSERT INTO "django_admin_log" VALUES(101,'25','Elie.Ghosh@primesouth.com.lb',1,'new through import_export',8,7,'2023-12-27 07:36:56.260960');
INSERT INTO "django_admin_log" VALUES(102,'26','Elie.Lichaa@primesouth.com.lb',1,'new through import_export',8,7,'2023-12-27 07:36:56.268759');
INSERT INTO "django_admin_log" VALUES(103,'27','Fayez.Minkara@primesouth.com.lb',1,'new through import_export',8,7,'2023-12-27 07:36:56.274324');
INSERT INTO "django_admin_log" VALUES(104,'28','Fatina.Abed-El-Rihman@primesouth.com.lb',1,'new through import_export',8,7,'2023-12-27 07:36:56.281072');
INSERT INTO "django_admin_log" VALUES(105,'30','Georges.Rizk@primesouth.com.lb',1,'new through import_export',8,7,'2023-12-27 07:36:56.287269');
INSERT INTO "django_admin_log" VALUES(106,'31','Hassan.Douheiby@primesouth.com.lb',1,'new through import_export',8,7,'2023-12-27 07:36:56.293405');
INSERT INTO "django_admin_log" VALUES(107,'32','Hamed.El-Salti@primesouth.com.lb',1,'new through import_export',8,7,'2023-12-27 07:36:56.299692');
INSERT INTO "django_admin_log" VALUES(108,'33','Hanna.Saad@primesouth.com.lb',1,'new through import_export',8,7,'2023-12-27 07:36:56.307856');
INSERT INTO "django_admin_log" VALUES(109,'34','Hassan.Chaker@primesouth.com.lb',1,'new through import_export',8,7,'2023-12-27 07:36:56.312754');
INSERT INTO "django_admin_log" VALUES(110,'35','Hassan.M.Eid@primesouth.com.lb',1,'new through import_export',8,7,'2023-12-27 07:36:56.319443');
INSERT INTO "django_admin_log" VALUES(111,'36','Hassan.Eid@primesouth.com.lb',1,'new through import_export',8,7,'2023-12-27 07:36:56.324998');
INSERT INTO "django_admin_log" VALUES(112,'37','Hassan.El-Hussein@primesouth.com.lb',1,'new through import_export',8,7,'2023-12-27 07:36:56.331165');
INSERT INTO "django_admin_log" VALUES(113,'39','Haytham.El-kheir@primesouth.com.lb',1,'new through import_export',8,7,'2023-12-27 07:36:56.336860');
INSERT INTO "django_admin_log" VALUES(114,'40','Henry.Daher@primesouth.com.lb',1,'new through import_export',8,7,'2023-12-27 07:36:56.342841');
INSERT INTO "django_admin_log" VALUES(115,'41','Hilal.Kahil@primesouth.com.lb',1,'new through import_export',8,7,'2023-12-27 07:36:56.348785');
INSERT INTO "django_admin_log" VALUES(116,'42','Ibrahim.Dhaiby@primesouth.com.lb',1,'new through import_export',8,7,'2023-12-27 07:36:56.354916');
INSERT INTO "django_admin_log" VALUES(117,'43','Imad.Haydar@primesouth.com.lb',1,'new through import_export',8,7,'2023-12-27 07:36:56.360893');
INSERT INTO "django_admin_log" VALUES(118,'45','Issam.Mezher@primesouth.com.lb',1,'new through import_export',8,7,'2023-12-27 07:36:56.366777');
INSERT INTO "django_admin_log" VALUES(119,'46','Jamal.Abbass@primesouth.com.lb',1,'new through import_export',8,7,'2023-12-27 07:36:56.372919');
INSERT INTO "django_admin_log" VALUES(120,'47','Jeannot.Semaan@primesouth.com.lb',1,'new through import_export',8,7,'2023-12-27 07:36:56.381948');
INSERT INTO "django_admin_log" VALUES(121,'48','Joseph.Kfoury@primesouth.com.lb',1,'new through import_export',8,7,'2023-12-27 07:36:56.389047');
INSERT INTO "django_admin_log" VALUES(122,'49','Joumana.Abboud@primesouth.com.lb',1,'new through import_export',8,7,'2023-12-27 07:36:56.397515');
INSERT INTO "django_admin_log" VALUES(123,'50','Kamal.Mougheit@primesouth.com.lb',1,'new through import_export',8,7,'2023-12-27 07:36:56.404313');
INSERT INTO "django_admin_log" VALUES(124,'51','Kamel.El-Sayed-Ahmad@primesouth.com.lb',1,'new through import_export',8,7,'2023-12-27 07:36:56.410702');
INSERT INTO "django_admin_log" VALUES(125,'52','Khaled.Abdel-Kader@primesouth.com.lb',1,'new through import_export',8,7,'2023-12-27 07:36:56.416930');
INSERT INTO "django_admin_log" VALUES(126,'54','Khaled.El-Douheiby@primesouth.com.lb',1,'new through import_export',8,7,'2023-12-27 07:36:56.424314');
INSERT INTO "django_admin_log" VALUES(127,'55','Khaled.El-Zohbi@primesouth.com.lb',1,'new through import_export',8,7,'2023-12-27 07:36:56.430353');
INSERT INTO "django_admin_log" VALUES(128,'56','Khaled.Islambouli@primesouth.com.lb',1,'new through import_export',8,7,'2023-12-27 07:36:56.438200');
INSERT INTO "django_admin_log" VALUES(129,'57','Khalil.Douheiby@primesouth.com.lb',1,'new through import_export',8,7,'2023-12-27 07:36:56.445743');
INSERT INTO "django_admin_log" VALUES(130,'59','Laurine.Abbass@primesouth.com.lb',1,'new through import_export',8,7,'2023-12-27 07:36:56.452949');
INSERT INTO "django_admin_log" VALUES(131,'60','Louis.Abdel-Ahad@primesouth.com.lb',1,'new through import_export',8,7,'2023-12-27 07:36:56.458493');
INSERT INTO "django_admin_log" VALUES(132,'61','Majed.El-Chami@primesouth.com.lb',1,'new through import_export',8,7,'2023-12-27 07:36:56.468687');
INSERT INTO "django_admin_log" VALUES(133,'62','Mahmoud.Malas@primesouth.com.lb',1,'new through import_export',8,7,'2023-12-27 07:36:56.481033');
INSERT INTO "django_admin_log" VALUES(134,'63','Mohamad.Malas@primesouth.com.lb',1,'new through import_export',8,7,'2023-12-27 07:36:56.488481');
INSERT INTO "django_admin_log" VALUES(135,'64','Marcel.Arfoul@primesouth.com.lb',1,'new through import_export',8,7,'2023-12-27 07:36:56.496620');
INSERT INTO "django_admin_log" VALUES(136,'66','Maysaa.Korhani@primesouth.com.lb',1,'new through import_export',8,7,'2023-12-27 07:36:56.504028');
INSERT INTO "django_admin_log" VALUES(137,'67','Mohamad.Eid@primesouth.com.lb',1,'new through import_export',8,7,'2023-12-27 07:36:56.511006');
INSERT INTO "django_admin_log" VALUES(138,'68','Mohamad.El-Awik@primesouth.com.lb',1,'new through import_export',8,7,'2023-12-27 07:36:56.517483');
INSERT INTO "django_admin_log" VALUES(139,'69','Mohamad.El-Hajj@primesouth.com.lb',1,'new through import_export',8,7,'2023-12-27 07:36:56.523895');
INSERT INTO "django_admin_log" VALUES(140,'70','Mohamad.El-Kheir@primesouth.com.lb',1,'new through import_export',8,7,'2023-12-27 07:36:56.530106');
INSERT INTO "django_admin_log" VALUES(141,'71','Mohamad.El-Aarja@primesouth.com.lb',1,'new through import_export',8,7,'2023-12-27 07:36:56.536749');
INSERT INTO "django_admin_log" VALUES(142,'72','Mohamad.Moussa@primesouth.com.lb',1,'new through import_export',8,7,'2023-12-27 07:36:56.542346');
INSERT INTO "django_admin_log" VALUES(143,'73','Mohammad.El-Eter@primesouth.com.lb',1,'new through import_export',8,7,'2023-12-27 07:36:56.549316');
INSERT INTO "django_admin_log" VALUES(144,'74','Milad.Srour@primesouth.com.lb',1,'new through import_export',8,7,'2023-12-27 07:36:56.555815');
INSERT INTO "django_admin_log" VALUES(145,'75','Mostapha.El-Jundi@primesouth.com.lb',1,'new through import_export',8,7,'2023-12-27 07:36:56.561908');
INSERT INTO "django_admin_log" VALUES(146,'76','Mostapha.El-Masri@primesouth.com.lb',1,'new through import_export',8,7,'2023-12-27 07:36:56.568450');
INSERT INTO "django_admin_log" VALUES(147,'77','Mostapha.Najjar@primesouth.com.lb',1,'new through import_export',8,7,'2023-12-27 07:36:56.574750');
INSERT INTO "django_admin_log" VALUES(148,'78','Maurice.El-Franji@primesouth.com.lb',1,'new through import_export',8,7,'2023-12-27 07:36:56.580885');
INSERT INTO "django_admin_log" VALUES(149,'79','Nader.El-hussein@primesouth.com.lb',1,'new through import_export',8,7,'2023-12-27 07:36:56.586832');
INSERT INTO "django_admin_log" VALUES(150,'80','Nadim.Nahleh@primesouth.com.lb',1,'new through import_export',8,7,'2023-12-27 07:36:56.593747');
INSERT INTO "django_admin_log" VALUES(151,'81','Nayif.Nohra@primesouth.com.lb',1,'new through import_export',8,7,'2023-12-27 07:36:56.601627');
INSERT INTO "django_admin_log" VALUES(152,'82','Omar.Abu-Chaker@primesouth.com.lb',1,'new through import_export',8,7,'2023-12-27 07:36:56.607875');
INSERT INTO "django_admin_log" VALUES(153,'83','Oussama.El-Kheir@primesouth.com.lb',1,'new through import_export',8,7,'2023-12-27 07:36:56.615264');
INSERT INTO "django_admin_log" VALUES(154,'84','Oussama.El-Tawil@primesouth.com.lb',1,'new through import_export',8,7,'2023-12-27 07:36:56.621907');
INSERT INTO "django_admin_log" VALUES(155,'85','Pierre.Hassane@primesouth.com.lb',1,'new through import_export',8,7,'2023-12-27 07:36:56.628529');
INSERT INTO "django_admin_log" VALUES(156,'86','Rabih.El-Ali@primesouth.com.lb',1,'new through import_export',8,7,'2023-12-27 07:36:56.635459');
INSERT INTO "django_admin_log" VALUES(157,'87','Racha.Accoumeh@primesouth.com.lb',1,'new through import_export',8,7,'2023-12-27 07:36:56.641695');
INSERT INTO "django_admin_log" VALUES(158,'88','Rachad.Douheiby@primesouth.com.lb',1,'new through import_export',8,7,'2023-12-27 07:36:56.647341');
INSERT INTO "django_admin_log" VALUES(159,'89','Raed.Ghamrawi@primesouth.com.lb',1,'new through import_export',8,7,'2023-12-27 07:36:56.653135');
INSERT INTO "django_admin_log" VALUES(160,'90','Raji.Awad@primesouth.com.lb',1,'new through import_export',8,7,'2023-12-27 07:36:56.659447');
INSERT INTO "django_admin_log" VALUES(161,'91','Roland.Khoury@primesouth.com.lb',2,'update through import_export',8,7,'2023-12-27 07:36:56.665522');
INSERT INTO "django_admin_log" VALUES(162,'92','Rania.Damaa@primesouth.com.lb',1,'new through import_export',8,7,'2023-12-27 07:36:56.671854');
INSERT INTO "django_admin_log" VALUES(163,'93','Rania.Issa@primesouth.com.lb',1,'new through import_export',8,7,'2023-12-27 07:36:56.678230');
INSERT INTO "django_admin_log" VALUES(164,'94','Raymond.Habib@primesouth.com.lb',1,'new through import_export',8,7,'2023-12-27 07:36:56.685754');
INSERT INTO "django_admin_log" VALUES(165,'95','Salwa.Hannouf@primesouth.com.lb',1,'new through import_export',8,7,'2023-12-27 07:36:56.691508');
INSERT INTO "django_admin_log" VALUES(166,'96','Samer.El-Hajj@primesouth.com.lb',1,'new through import_export',8,7,'2023-12-27 07:36:56.697599');
INSERT INTO "django_admin_log" VALUES(167,'97','Samer.Skaff@primesouth.com.lb',1,'new through import_export',8,7,'2023-12-27 07:36:56.703755');
INSERT INTO "django_admin_log" VALUES(168,'99','Sobhi.Wraydeh@primesouth.com.lb',1,'new through import_export',8,7,'2023-12-27 07:36:56.710351');
INSERT INTO "django_admin_log" VALUES(169,'100','Souheil.El-Hajj@primesouth.com.lb',1,'new through import_export',8,7,'2023-12-27 07:36:56.716005');
INSERT INTO "django_admin_log" VALUES(170,'102','Talal.Kayal@primesouth.com.lb',1,'new through import_export',8,7,'2023-12-27 07:36:56.721633');
INSERT INTO "django_admin_log" VALUES(171,'103','Talal.Rahmeh@primesouth.com.lb',1,'new through import_export',8,7,'2023-12-27 07:36:56.728628');
INSERT INTO "django_admin_log" VALUES(172,'105','Tony.Daoura@primesouth.com.lb',1,'new through import_export',8,7,'2023-12-27 07:36:56.735537');
INSERT INTO "django_admin_log" VALUES(173,'106','Walid.Hannouf@primesouth.com.lb',1,'new through import_export',8,7,'2023-12-27 07:36:56.743256');
INSERT INTO "django_admin_log" VALUES(174,'107','Wajih.Ossmani@primesouth.com.lb',1,'new through import_export',8,7,'2023-12-27 07:36:56.748845');
INSERT INTO "django_admin_log" VALUES(175,'108','Walid.Eid@primesouth.com.lb',1,'new through import_export',8,7,'2023-12-27 07:36:56.755024');
INSERT INTO "django_admin_log" VALUES(176,'109','Zaher.Eid@primesouth.com.lb',1,'new through import_export',8,7,'2023-12-27 07:36:56.760061');
INSERT INTO "django_admin_log" VALUES(177,'111','Mustafa.unaldi@primesouth.com.lb',2,'[{"changed": {"fields": ["Middle name", "Last name"]}}]',8,7,'2023-12-27 07:46:17.660499');
INSERT INTO "django_admin_log" VALUES(178,'110','Adel.Adraa@primesouth.com.lb',2,'[{"changed": {"fields": ["Middle name", "Last name"]}}]',8,7,'2023-12-27 07:46:26.543027');
INSERT INTO "django_admin_log" VALUES(179,'109','Zaher.Eid@primesouth.com.lb',2,'[{"changed": {"fields": ["Middle name", "Last name"]}}]',8,7,'2023-12-27 07:46:35.127439');
INSERT INTO "django_admin_log" VALUES(180,'108','Walid.Eid@primesouth.com.lb',2,'[{"changed": {"fields": ["Middle name", "Last name"]}}]',8,7,'2023-12-27 07:46:43.387395');
INSERT INTO "django_admin_log" VALUES(181,'107','Wajih.Ossmani@primesouth.com.lb',2,'[{"changed": {"fields": ["Middle name", "Last name"]}}]',8,7,'2023-12-27 07:46:53.690863');
INSERT INTO "django_admin_log" VALUES(182,'106','Walid.Hannouf@primesouth.com.lb',2,'[{"changed": {"fields": ["Middle name", "Last name"]}}]',8,7,'2023-12-27 07:47:02.173651');
INSERT INTO "django_admin_log" VALUES(183,'105','Tony.Daoura@primesouth.com.lb',2,'[{"changed": {"fields": ["Middle name", "Last name"]}}]',8,7,'2023-12-27 07:47:09.351694');
INSERT INTO "django_admin_log" VALUES(184,'104','Tarek.Merheb@primesouth.com.lb',2,'[{"changed": {"fields": ["Middle name", "Last name"]}}]',8,7,'2023-12-27 07:47:17.697873');
INSERT INTO "django_admin_log" VALUES(185,'103','Talal.Rahmeh@primesouth.com.lb',2,'[{"changed": {"fields": ["Middle name", "Last name"]}}]',8,7,'2023-12-27 07:47:27.845712');
INSERT INTO "django_admin_log" VALUES(186,'102','Talal.Kayal@primesouth.com.lb',2,'[{"changed": {"fields": ["Middle name", "Last name"]}}]',8,7,'2023-12-27 07:47:37.395609');
INSERT INTO "django_admin_log" VALUES(187,'101','Talal.Mawas@primesouth.com.lb',2,'[{"changed": {"fields": ["Middle name", "Last name"]}}]',8,7,'2023-12-27 07:47:55.025410');
INSERT INTO "django_admin_log" VALUES(188,'100','Souheil.El-Hajj@primesouth.com.lb',2,'[{"changed": {"fields": ["Middle name", "Last name"]}}]',8,7,'2023-12-27 07:48:06.445353');
INSERT INTO "django_admin_log" VALUES(189,'99','Sobhi.Wraydeh@primesouth.com.lb',2,'[{"changed": {"fields": ["Middle name", "Last name"]}}]',8,7,'2023-12-27 07:48:15.961593');
INSERT INTO "django_admin_log" VALUES(190,'98','Sandra.Saad@primesouth.com.lb',2,'[{"changed": {"fields": ["Middle name", "Last name"]}}]',8,7,'2023-12-27 07:48:36.054577');
INSERT INTO "django_admin_log" VALUES(191,'97','Samer.Skaff@primesouth.com.lb',2,'[{"changed": {"fields": ["Middle name", "Last name"]}}]',8,7,'2023-12-27 07:48:47.454808');
INSERT INTO "django_admin_log" VALUES(192,'96','Samer.El-Hajj@primesouth.com.lb',2,'[{"changed": {"fields": ["Middle name", "Last name"]}}]',8,7,'2023-12-27 07:48:56.698873');
INSERT INTO "django_admin_log" VALUES(193,'95','Salwa.Hannouf@primesouth.com.lb',2,'[{"changed": {"fields": ["Middle name", "Last name"]}}]',8,7,'2023-12-27 07:49:05.462401');
INSERT INTO "django_admin_log" VALUES(194,'94','Raymond.Habib@primesouth.com.lb',2,'[{"changed": {"fields": ["Middle name", "Last name"]}}]',8,7,'2023-12-27 07:49:19.155693');
INSERT INTO "django_admin_log" VALUES(195,'93','Rania.Issa@primesouth.com.lb',2,'[{"changed": {"fields": ["Middle name", "Last name"]}}]',8,7,'2023-12-27 07:49:31.574483');
INSERT INTO "django_admin_log" VALUES(196,'92','Rania.Damaa@primesouth.com.lb',2,'[{"changed": {"fields": ["Middle name", "Last name"]}}]',8,7,'2023-12-27 07:49:42.587163');
INSERT INTO "django_admin_log" VALUES(197,'91','Roland.Khoury@primesouth.com.lb',2,'[{"changed": {"fields": ["Middle name", "Last name"]}}]',8,7,'2023-12-27 07:49:54.917432');
INSERT INTO "django_admin_log" VALUES(198,'90','Raji.Awad@primesouth.com.lb',2,'[{"changed": {"fields": ["Middle name", "Last name"]}}]',8,7,'2023-12-27 07:50:05.809307');
INSERT INTO "django_admin_log" VALUES(199,'89','Raed.Ghamrawi@primesouth.com.lb',2,'[{"changed": {"fields": ["Middle name", "Last name"]}}]',8,7,'2023-12-27 07:50:20.443622');
INSERT INTO "django_admin_log" VALUES(200,'88','Rachad.Douheiby@primesouth.com.lb',2,'[{"changed": {"fields": ["Middle name", "Last name"]}}]',8,7,'2023-12-27 07:50:40.368449');
INSERT INTO "django_admin_log" VALUES(201,'87','Racha.Accoumeh@primesouth.com.lb',2,'[{"changed": {"fields": ["Middle name", "Last name"]}}]',8,7,'2023-12-27 07:50:52.214818');
INSERT INTO "django_admin_log" VALUES(202,'86','Rabih.El-Ali@primesouth.com.lb',2,'[{"changed": {"fields": ["Middle name", "Last name"]}}]',8,7,'2023-12-27 07:51:02.677361');
INSERT INTO "django_admin_log" VALUES(203,'85','Pierre.Hassane@primesouth.com.lb',2,'[{"changed": {"fields": ["Middle name", "Last name"]}}]',8,7,'2023-12-27 07:51:12.374170');
INSERT INTO "django_admin_log" VALUES(204,'84','Oussama.El-Tawil@primesouth.com.lb',2,'[{"changed": {"fields": ["Middle name", "Last name"]}}]',8,7,'2023-12-27 07:51:25.829243');
INSERT INTO "django_admin_log" VALUES(205,'83','Oussama.El-Kheir@primesouth.com.lb',2,'[{"changed": {"fields": ["Middle name", "Last name"]}}]',8,7,'2023-12-27 07:51:34.684833');
INSERT INTO "django_admin_log" VALUES(206,'82','Omar.Abu-Chaker@primesouth.com.lb',2,'[{"changed": {"fields": ["Middle name", "Last name"]}}]',8,7,'2023-12-27 07:51:43.898008');
INSERT INTO "django_admin_log" VALUES(207,'81','Nayif.Nohra@primesouth.com.lb',2,'[{"changed": {"fields": ["Middle name", "Last name"]}}]',8,7,'2023-12-27 07:51:54.023070');
INSERT INTO "django_admin_log" VALUES(208,'80','Nadim.Nahleh@primesouth.com.lb',2,'[{"changed": {"fields": ["Middle name", "Last name"]}}]',8,7,'2023-12-27 07:52:06.207606');
INSERT INTO "django_admin_log" VALUES(209,'79','Nader.El-hussein@primesouth.com.lb',2,'[{"changed": {"fields": ["Middle name", "Last name"]}}]',8,7,'2023-12-27 07:52:17.018441');
INSERT INTO "django_admin_log" VALUES(210,'78','Maurice.El-Franji@primesouth.com.lb',2,'[{"changed": {"fields": ["Middle name", "Last name"]}}]',8,7,'2023-12-27 07:52:26.389541');
INSERT INTO "django_admin_log" VALUES(211,'77','Mostapha.Najjar@primesouth.com.lb',2,'[{"changed": {"fields": ["Middle name", "Last name"]}}]',8,7,'2023-12-27 07:52:36.941814');
INSERT INTO "django_admin_log" VALUES(212,'76','Mostapha.El-Masri@primesouth.com.lb',2,'[{"changed": {"fields": ["Middle name", "Last name"]}}]',8,7,'2023-12-27 07:52:50.497204');
INSERT INTO "django_admin_log" VALUES(213,'75','Mostapha.El-Jundi@primesouth.com.lb',2,'[{"changed": {"fields": ["Middle name", "Last name"]}}]',8,7,'2023-12-27 07:53:01.511394');
INSERT INTO "django_admin_log" VALUES(214,'74','Milad.Srour@primesouth.com.lb',2,'[{"changed": {"fields": ["Middle name", "Last name"]}}]',8,7,'2023-12-27 07:53:12.659752');
INSERT INTO "django_admin_log" VALUES(215,'73','Mohammad.El-Eter@primesouth.com.lb',2,'[{"changed": {"fields": ["Middle name", "Last name"]}}]',8,7,'2023-12-27 07:53:28.714793');
INSERT INTO "django_admin_log" VALUES(216,'72','Mohamad.Moussa@primesouth.com.lb',2,'[{"changed": {"fields": ["Middle name", "Last name"]}}]',8,7,'2023-12-27 07:53:39.154312');
INSERT INTO "django_admin_log" VALUES(217,'71','Mohamad.El-Aarja@primesouth.com.lb',2,'[{"changed": {"fields": ["Middle name", "Last name"]}}]',8,7,'2023-12-27 07:53:58.426535');
INSERT INTO "django_admin_log" VALUES(218,'70','Mohamad.El-Kheir@primesouth.com.lb',2,'[{"changed": {"fields": ["Middle name", "Last name"]}}]',8,7,'2023-12-27 07:54:10.770318');
INSERT INTO "django_admin_log" VALUES(219,'69','Mohamad.El-Hajj@primesouth.com.lb',2,'[{"changed": {"fields": ["Middle name", "Last name"]}}]',8,7,'2023-12-27 07:54:28.002729');
INSERT INTO "django_admin_log" VALUES(220,'68','Mohamad.El-Awik@primesouth.com.lb',2,'[{"changed": {"fields": ["Middle name", "Last name"]}}]',8,7,'2023-12-27 07:54:43.707432');
INSERT INTO "django_admin_log" VALUES(221,'67','Mohamad.Eid@primesouth.com.lb',2,'[{"changed": {"fields": ["Middle name", "Last name"]}}]',8,7,'2023-12-27 07:54:56.543935');
INSERT INTO "django_admin_log" VALUES(222,'66','Maysaa.Korhani@primesouth.com.lb',2,'[{"changed": {"fields": ["Middle name", "Last name"]}}]',8,7,'2023-12-27 07:55:10.528438');
INSERT INTO "django_admin_log" VALUES(223,'65','Mahmoud.Alwan@primesouth.com.lb',2,'[{"changed": {"fields": ["Middle name", "Last name"]}}]',8,7,'2023-12-27 07:55:25.377008');
INSERT INTO "django_admin_log" VALUES(224,'64','Marcel.Arfoul@primesouth.com.lb',2,'[{"changed": {"fields": ["Middle name", "Last name"]}}]',8,7,'2023-12-27 07:55:37.101326');
INSERT INTO "django_admin_log" VALUES(225,'63','Mohamad.Malas@primesouth.com.lb',2,'[{"changed": {"fields": ["Middle name", "Last name"]}}]',8,7,'2023-12-27 07:55:47.272598');
INSERT INTO "django_admin_log" VALUES(226,'61','Majed.El-Chami@primesouth.com.lb',2,'[{"changed": {"fields": ["Middle name", "Last name"]}}]',8,7,'2023-12-27 07:55:57.722498');
INSERT INTO "django_admin_log" VALUES(227,'60','Louis.Abdel-Ahad@primesouth.com.lb',2,'[{"changed": {"fields": ["Middle name", "Last name"]}}]',8,7,'2023-12-27 07:56:15.173014');
INSERT INTO "django_admin_log" VALUES(228,'59','Laurine.Abbass@primesouth.com.lb',2,'[{"changed": {"fields": ["Middle name", "Last name"]}}]',8,7,'2023-12-27 07:56:25.521952');
INSERT INTO "django_admin_log" VALUES(229,'58','Khalil.El-Eter@primesouth.com.lb',2,'[{"changed": {"fields": ["Middle name", "Last name"]}}]',8,7,'2023-12-27 07:56:35.940746');
INSERT INTO "django_admin_log" VALUES(230,'57','Khalil.Douheiby@primesouth.com.lb',2,'[{"changed": {"fields": ["Middle name", "Last name"]}}]',8,7,'2023-12-27 07:56:49.134166');
INSERT INTO "django_admin_log" VALUES(231,'56','Khaled.Islambouli@primesouth.com.lb',2,'[{"changed": {"fields": ["Middle name", "Last name"]}}]',8,7,'2023-12-27 07:57:04.369019');
INSERT INTO "django_admin_log" VALUES(232,'55','Khaled.El-Zohbi@primesouth.com.lb',2,'[{"changed": {"fields": ["Middle name", "Last name"]}}]',8,7,'2023-12-27 07:57:14.346372');
INSERT INTO "django_admin_log" VALUES(233,'54','Khaled.El-Douheiby@primesouth.com.lb',2,'[{"changed": {"fields": ["Middle name", "Last name"]}}]',8,7,'2023-12-27 07:57:29.230414');
INSERT INTO "django_admin_log" VALUES(234,'53','Khaled.Chehadeh@primesouth.com.lb',2,'[{"changed": {"fields": ["Middle name", "Last name"]}}]',8,7,'2023-12-27 07:57:40.761886');
INSERT INTO "django_admin_log" VALUES(235,'52','Khaled.Abdel-Kader@primesouth.com.lb',2,'[{"changed": {"fields": ["Middle name", "Last name"]}}]',8,7,'2023-12-27 07:57:51.178921');
INSERT INTO "django_admin_log" VALUES(236,'51','Kamel.El-Sayed-Ahmad@primesouth.com.lb',2,'[{"changed": {"fields": ["Middle name", "Last name"]}}]',8,7,'2023-12-27 07:58:02.384916');
INSERT INTO "django_admin_log" VALUES(237,'50','Kamal.Mougheit@primesouth.com.lb',2,'[{"changed": {"fields": ["Middle name", "Last name"]}}]',8,7,'2023-12-27 07:58:13.477976');
INSERT INTO "django_admin_log" VALUES(238,'49','Joumana.Abboud@primesouth.com.lb',2,'[{"changed": {"fields": ["Middle name", "Last name"]}}]',8,7,'2023-12-27 07:58:28.360585');
INSERT INTO "django_admin_log" VALUES(239,'48','Joseph.Kfoury@primesouth.com.lb',2,'[{"changed": {"fields": ["Middle name", "Last name"]}}]',8,7,'2023-12-27 07:58:39.025736');
INSERT INTO "django_admin_log" VALUES(240,'47','Jeannot.Semaan@primesouth.com.lb',2,'[{"changed": {"fields": ["Middle name", "Last name"]}}]',8,7,'2023-12-27 07:58:49.476484');
INSERT INTO "django_admin_log" VALUES(241,'46','Jamal.Abbass@primesouth.com.lb',2,'[{"changed": {"fields": ["Middle name", "Last name"]}}]',8,7,'2023-12-27 07:59:01.157027');
INSERT INTO "django_admin_log" VALUES(242,'45','Issam.Mezher@primesouth.com.lb',2,'[{"changed": {"fields": ["Middle name", "Last name"]}}]',8,7,'2023-12-27 07:59:12.056689');
INSERT INTO "django_admin_log" VALUES(243,'44','Issam.Abou-Chaker@primesouth.com.lb',2,'[{"changed": {"fields": ["Middle name", "Last name"]}}]',8,7,'2023-12-27 07:59:25.242221');
INSERT INTO "django_admin_log" VALUES(244,'43','Imad.Haydar@primesouth.com.lb',2,'[{"changed": {"fields": ["Middle name", "Last name"]}}]',8,7,'2023-12-27 07:59:36.130646');
INSERT INTO "django_admin_log" VALUES(245,'42','Ibrahim.Dhaiby@primesouth.com.lb',2,'[{"changed": {"fields": ["Middle name", "Last name"]}}]',8,7,'2023-12-27 07:59:47.629595');
INSERT INTO "django_admin_log" VALUES(246,'41','Hilal.Kahil@primesouth.com.lb',3,'',8,7,'2023-12-27 08:00:17.539016');
INSERT INTO "django_admin_log" VALUES(247,'40','Henry.Daher@primesouth.com.lb',2,'[{"changed": {"fields": ["Middle name", "Last name"]}}]',8,7,'2023-12-27 08:00:31.336329');
INSERT INTO "django_admin_log" VALUES(248,'39','Haytham.El-kheir@primesouth.com.lb',2,'[{"changed": {"fields": ["Middle name", "Last name"]}}]',8,7,'2023-12-27 08:00:44.407003');
INSERT INTO "django_admin_log" VALUES(249,'38','Haysal.Ghamrawi@primesouth.com.lb',2,'[{"changed": {"fields": ["Middle name", "Last name"]}}]',8,7,'2023-12-27 08:00:57.199359');
INSERT INTO "django_admin_log" VALUES(250,'37','Hassan.El-Hussein@primesouth.com.lb',2,'[{"changed": {"fields": ["Middle name", "Last name"]}}]',8,7,'2023-12-27 08:01:08.650576');
INSERT INTO "django_admin_log" VALUES(251,'36','Hassan.Eid@primesouth.com.lb',2,'[{"changed": {"fields": ["Middle name", "Last name"]}}]',8,7,'2023-12-27 08:01:19.735035');
INSERT INTO "django_admin_log" VALUES(252,'35','Hassan.M.Eid@primesouth.com.lb',2,'[{"changed": {"fields": ["Middle name", "Last name"]}}]',8,7,'2023-12-27 08:01:32.322288');
INSERT INTO "django_admin_log" VALUES(253,'34','Hassan.Chaker@primesouth.com.lb',2,'[{"changed": {"fields": ["Middle name", "Last name"]}}]',8,7,'2023-12-27 08:01:46.722870');
INSERT INTO "django_admin_log" VALUES(254,'33','Hanna.Saad@primesouth.com.lb',2,'[{"changed": {"fields": ["Middle name", "Last name"]}}]',8,7,'2023-12-27 08:01:56.294988');
INSERT INTO "django_admin_log" VALUES(255,'32','Hamed.El-Salti@primesouth.com.lb',2,'[{"changed": {"fields": ["Middle name", "Last name"]}}]',8,7,'2023-12-27 08:02:07.378515');
INSERT INTO "django_admin_log" VALUES(256,'31','Hassan.Douheiby@primesouth.com.lb',2,'[{"changed": {"fields": ["Middle name", "Last name"]}}]',8,7,'2023-12-27 08:02:25.525351');
INSERT INTO "django_admin_log" VALUES(257,'30','Georges.Rizk@primesouth.com.lb',2,'[{"changed": {"fields": ["Middle name", "Last name"]}}]',8,7,'2023-12-27 08:02:42.692645');
INSERT INTO "django_admin_log" VALUES(258,'29','Georges.Pharoun@primesouth.com.lb',2,'[{"changed": {"fields": ["Middle name", "Last name"]}}]',8,7,'2023-12-27 08:02:52.322665');
INSERT INTO "django_admin_log" VALUES(259,'28','Fatina.Abed-El-Rihman@primesouth.com.lb',2,'[{"changed": {"fields": ["Middle name", "Last name"]}}]',8,7,'2023-12-27 08:03:03.134130');
INSERT INTO "django_admin_log" VALUES(260,'27','Fayez.Minkara@primesouth.com.lb',2,'[{"changed": {"fields": ["Middle name", "Last name"]}}]',8,7,'2023-12-27 08:03:15.777314');
INSERT INTO "django_admin_log" VALUES(261,'26','Elie.Lichaa@primesouth.com.lb',2,'[{"changed": {"fields": ["Middle name", "Last name"]}}]',8,7,'2023-12-27 08:03:27.398681');
INSERT INTO "django_admin_log" VALUES(262,'25','Elie.Ghosh@primesouth.com.lb',2,'[{"changed": {"fields": ["Middle name", "Last name"]}}]',8,7,'2023-12-27 08:03:39.067744');
INSERT INTO "django_admin_log" VALUES(263,'24','Dany.Safi@primesouth.com.lb',2,'[{"changed": {"fields": ["Middle name", "Last name"]}}]',8,7,'2023-12-27 08:03:49.977270');
INSERT INTO "django_admin_log" VALUES(264,'23','Daoud.Fawaz@primesouth.com.lb',2,'[{"changed": {"fields": ["Middle name", "Last name"]}}]',8,7,'2023-12-27 08:03:59.439671');
INSERT INTO "django_admin_log" VALUES(265,'22','Chaza.Adhami@primesouth.com.lb',2,'[{"changed": {"fields": ["Middle name", "Last name"]}}]',8,7,'2023-12-27 08:04:16.936624');
INSERT INTO "django_admin_log" VALUES(266,'21','Charbel.Arida@primesouth.com.lb',2,'[{"changed": {"fields": ["Middle name", "Last name"]}}]',8,7,'2023-12-27 08:04:30.546222');
INSERT INTO "django_admin_log" VALUES(267,'19','Ayman.Sobhiye@primesouth.com.lb',2,'[{"changed": {"fields": ["Middle name", "Last name"]}}]',8,7,'2023-12-27 08:04:44.259653');
INSERT INTO "django_admin_log" VALUES(268,'18','Ahmad.Accoumeh@primesouth.com.lb',2,'[{"changed": {"fields": ["Middle name", "Last name"]}}]',8,7,'2023-12-27 08:04:59.110949');
INSERT INTO "django_admin_log" VALUES(269,'17','Amer.Souk@primesouth.com.lb',2,'[{"changed": {"fields": ["Middle name", "Last name"]}}]',8,7,'2023-12-27 08:05:13.826023');
INSERT INTO "django_admin_log" VALUES(270,'16','Alaa.Dahabi@primesouth.com.lb',2,'[{"changed": {"fields": ["Middle name", "Last name"]}}]',8,7,'2023-12-27 08:05:26.572305');
INSERT INTO "django_admin_log" VALUES(271,'15','Ali.El-Masri@primesouth.com.lb',2,'[{"changed": {"fields": ["Middle name", "Last name"]}}]',8,7,'2023-12-27 08:05:44.258065');
INSERT INTO "django_admin_log" VALUES(272,'14','Ali.El-kheir@primesouth.com.lb',2,'[{"changed": {"fields": ["Middle name", "Last name"]}}]',8,7,'2023-12-27 08:05:59.680131');
INSERT INTO "django_admin_log" VALUES(273,'13','Akram.Eid@primesouth.com.lb',2,'[{"changed": {"fields": ["Middle name", "Last name"]}}]',8,7,'2023-12-27 08:06:13.574372');
INSERT INTO "django_admin_log" VALUES(274,'12','Ahmad.El-Masri@primesouth.com.lb',2,'[{"changed": {"fields": ["Middle name", "Last name"]}}]',8,7,'2023-12-27 08:06:25.994690');
INSERT INTO "django_admin_log" VALUES(275,'11','Ahmad.Eid@primesouth.com.lb',2,'[{"changed": {"fields": ["Middle name", "Last name"]}}]',8,7,'2023-12-27 08:06:50.025500');
INSERT INTO "django_admin_log" VALUES(276,'1','77',1,'[{"added": {}}]',10,7,'2023-12-29 13:19:09.990547');
INSERT INTO "django_admin_log" VALUES(277,'1','AbdallahAbdallah.ElHajj@primesouth.com.lb',2,'[]',10,7,'2023-12-29 13:23:45.693216');
INSERT INTO "django_admin_log" VALUES(278,'1','Abdallah El Hajj',2,'[]',10,7,'2023-12-29 13:25:11.225903');
INSERT INTO "django_admin_log" VALUES(279,'1','Abdallah El Hajj',3,'',10,7,'2024-01-02 05:32:14.712577');
INSERT INTO "django_admin_log" VALUES(280,'1','Raed Ghamrawi',1,'[{"added": {}}]',9,7,'2024-01-08 07:46:26.971947');
INSERT INTO "django_admin_log" VALUES(281,'1','Raed Ghamrawi',2,'[]',9,7,'2024-01-08 07:46:33.206771');
INSERT INTO "django_admin_log" VALUES(282,'89','Raed Ghamrawi',2,'[{"changed": {"fields": ["Profile pic"]}}]',8,7,'2024-01-10 09:26:06.327910');
INSERT INTO "django_admin_log" VALUES(283,'113','test test',3,'',8,7,'2024-01-12 06:31:59.931243');
INSERT INTO "django_admin_log" VALUES(284,'115','test test',2,'[{"changed": {"fields": ["Is active"]}}]',8,7,'2024-01-12 11:18:48.667762');
INSERT INTO "django_admin_log" VALUES(285,'115','test test',2,'[{"changed": {"fields": ["Is admin", "Is staff"]}}]',8,7,'2024-01-12 11:23:06.444101');
INSERT INTO "django_admin_log" VALUES(286,'115','test test',2,'[{"changed": {"fields": ["Is superadmin"]}}]',8,7,'2024-01-12 11:25:36.657056');
INSERT INTO "django_admin_log" VALUES(288,'44','Raed Ghamrawi',2,'[{"changed": {"fields": ["First approval", "Second approval", "Third approval", "Fourth approval"]}}]',10,89,'2024-01-15 05:21:23.699600');
INSERT INTO "django_admin_log" VALUES(289,'89','Raed Ghamrawi',2,'[{"changed": {"fields": ["Is haed"]}}]',8,89,'2024-01-15 06:32:28.600777');
INSERT INTO "django_admin_log" VALUES(290,'89','Raed Ghamrawi',2,'[{"changed": {"fields": ["Is head"]}}]',8,89,'2024-01-15 06:35:49.104778');
INSERT INTO "django_admin_log" VALUES(291,'111','Mustafa Unaldi',2,'[{"changed": {"fields": ["Position"]}}]',8,89,'2024-01-15 07:36:39.774038');
INSERT INTO "django_admin_log" VALUES(292,'115','test test',2,'[{"changed": {"fields": ["Is active"]}}]',8,89,'2024-01-15 08:07:45.957570');
INSERT INTO "django_admin_log" VALUES(293,'102','Talal Kayal',2,'[{"changed": {"fields": ["Is active"]}}]',8,89,'2024-01-15 08:08:11.366064');
INSERT INTO "django_admin_log" VALUES(294,'110','Adel Adraa',2,'[{"changed": {"fields": ["Is active"]}}]',8,89,'2024-01-15 08:08:37.006196');
INSERT INTO "django_admin_log" VALUES(295,'106','Walid Hannouf',2,'[{"changed": {"fields": ["Is active"]}}]',8,89,'2024-01-15 08:08:45.711343');
INSERT INTO "django_admin_log" VALUES(296,'115','test test',2,'[{"changed": {"fields": ["Is active"]}}]',8,89,'2024-01-15 08:08:59.672858');
INSERT INTO "django_admin_log" VALUES(297,'111','Mustafa Unaldi',2,'[]',8,89,'2024-01-15 08:09:04.879055');
INSERT INTO "django_admin_log" VALUES(298,'110','Adel Adraa',2,'[{"changed": {"fields": ["Is active"]}}]',8,89,'2024-01-15 08:09:09.380602');
INSERT INTO "django_admin_log" VALUES(299,'89','Raed Ghamrawi',2,'[{"changed": {"fields": ["Has vac ent"]}}]',8,89,'2024-01-15 08:11:35.817373');
INSERT INTO "django_admin_log" VALUES(300,'70','Mohamad El-Kheir',2,'[{"changed": {"fields": ["Has vac ent"]}}]',8,89,'2024-01-15 08:11:53.274352');
INSERT INTO "django_admin_log" VALUES(301,'3','Abdel-Basset El Nazer',2,'[{"changed": {"fields": ["Has vac ent"]}}]',8,89,'2024-01-15 08:12:11.790752');
INSERT INTO "django_admin_log" VALUES(302,'65','Mahmoud Alwan',2,'[{"changed": {"fields": ["Has vac ent"]}}]',8,89,'2024-01-15 08:12:26.686385');
INSERT INTO "django_admin_log" VALUES(303,'65','Mahmoud Alwan',2,'[{"changed": {"fields": ["Is head"]}}]',8,89,'2024-01-15 08:13:26.436016');
INSERT INTO "django_admin_log" VALUES(304,'29','Georges Pharoun',2,'[{"changed": {"fields": ["Is head"]}}]',8,89,'2024-01-15 08:14:48.438100');
INSERT INTO "django_admin_log" VALUES(305,'29','Georges Pharoun',2,'[{"changed": {"fields": ["Has vac ent"]}}]',8,89,'2024-01-15 08:19:41.563542');
INSERT INTO "django_admin_log" VALUES(306,'61','Adel Atieh',2,'[{"changed": {"fields": ["Approved"]}}]',10,89,'2024-01-15 11:46:04.556279');
INSERT INTO "django_admin_log" VALUES(307,'61','Adel Atieh',2,'[{"changed": {"fields": ["Approved"]}}]',10,89,'2024-01-15 12:05:56.985236');
INSERT INTO "django_admin_log" VALUES(308,'61','Adel Atieh',2,'[{"changed": {"fields": ["Status"]}}]',10,65,'2024-01-15 12:24:51.066414');
INSERT INTO "django_admin_log" VALUES(309,'61','Adel Atieh',2,'[{"changed": {"fields": ["Status"]}}]',10,65,'2024-01-15 12:27:07.907565');
INSERT INTO "django_admin_log" VALUES(310,'61','Adel Atieh',2,'[{"changed": {"fields": ["Status", "Approval position"]}}]',10,65,'2024-01-15 13:33:51.623653');
INSERT INTO "django_admin_log" VALUES(311,'101','Talal Mawas',2,'[{"changed": {"fields": ["Is head"]}}]',8,29,'2024-01-16 12:22:48.293850');
INSERT INTO "django_admin_log" VALUES(312,'26','Amer Souk',3,'',10,65,'2024-01-17 07:48:36.402730');
INSERT INTO "django_admin_log" VALUES(313,'25','Ahmad Accoumeh',3,'',10,65,'2024-01-17 07:48:46.212466');
INSERT INTO "django_admin_log" VALUES(314,'24','Abdel-Basset El Nazer',3,'',10,65,'2024-01-17 07:48:52.555597');
INSERT INTO "django_admin_log" VALUES(315,'23','Alaa Dahabi',3,'',10,65,'2024-01-17 07:49:00.161561');
INSERT INTO "django_admin_log" VALUES(316,'21','Abdo Rached',3,'',10,65,'2024-01-17 07:49:07.160158');
INSERT INTO "django_admin_log" VALUES(317,'19','Abdel-khalek Seif',3,'',10,65,'2024-01-17 07:49:12.189150');
INSERT INTO "django_admin_log" VALUES(318,'18','Abdel-khalek Seif',3,'',10,65,'2024-01-17 07:49:17.085716');
INSERT INTO "django_admin_log" VALUES(319,'22','Akram Eid',3,'',10,65,'2024-01-17 07:49:29.880206');
INSERT INTO "django_admin_log" VALUES(320,'20','Abdul-Rahman Kabara',3,'',10,65,'2024-01-17 07:49:29.890609');
INSERT INTO "django_admin_log" VALUES(321,'17','Abdel-khalek Seif',3,'',10,65,'2024-01-17 07:49:29.896770');
INSERT INTO "django_admin_log" VALUES(322,'16','Abdel-khalek Seif',3,'',10,65,'2024-01-17 07:49:29.903158');
INSERT INTO "django_admin_log" VALUES(323,'15','Abdel-khalek Seif',3,'',10,65,'2024-01-17 07:49:29.909471');
INSERT INTO "django_admin_log" VALUES(324,'115','test test',3,'',8,7,'2024-01-18 11:13:14.609231');
INSERT INTO "django_admin_log" VALUES(325,'89','Raed Ghamrawi',2,'[{"changed": {"fields": ["Is superadmin"]}}]',8,89,'2024-01-19 05:29:04.668247');
INSERT INTO "django_admin_log" VALUES(326,'7','admin admin',2,'[{"changed": {"fields": ["First name", "Last name", "Ps number", "Department", "Position", "Head dep", "Is superuser"]}}]',8,7,'2024-01-19 05:52:11.044623');
INSERT INTO "django_admin_log" VALUES(327,'89','Raed Ghamrawi',2,'[{"changed": {"fields": ["User permissions"]}}]',8,7,'2024-01-19 07:25:20.535501');
INSERT INTO "django_admin_log" VALUES(328,'89','Raed Ghamrawi',2,'[{"changed": {"fields": ["User permissions"]}}]',8,7,'2024-01-19 08:16:53.356466');
INSERT INTO "django_admin_log" VALUES(329,'1','electrical_eng',1,'[{"added": {}}]',3,7,'2024-01-19 12:32:20.363171');
INSERT INTO "django_admin_log" VALUES(330,'38','Haysal Ghamrawi',2,'[{"changed": {"fields": ["Groups"]}}]',8,7,'2024-01-22 05:44:16.313621');
INSERT INTO "django_admin_log" VALUES(331,'1','electrical_eng',2,'[{"changed": {"fields": ["Permissions"]}}]',3,7,'2024-01-22 05:47:49.965871');
INSERT INTO "django_admin_log" VALUES(332,'117','AnonymousUser',3,'',8,7,'2024-01-22 05:50:28.016326');
INSERT INTO "django_admin_log" VALUES(333,'118','213132 21312',3,'',8,7,'2024-01-22 05:50:28.027534');
INSERT INTO "django_admin_log" VALUES(334,'38','Haysal Ghamrawi',2,'[]',8,7,'2024-01-22 06:57:57.261825');
INSERT INTO "django_admin_log" VALUES(335,'1','engineer',2,'[{"changed": {"fields": ["Name"]}}]',3,7,'2024-01-22 07:25:22.047600');
INSERT INTO "django_admin_log" VALUES(336,'2','user',1,'[{"added": {}}]',3,7,'2024-01-22 07:30:43.692050');
INSERT INTO "django_admin_log" VALUES(337,'2','user',3,'',3,7,'2024-01-22 07:32:42.412433');
INSERT INTO "django_admin_log" VALUES(338,'3','user',1,'[{"added": {}}]',3,7,'2024-01-22 07:33:03.862224');
INSERT INTO "django_admin_log" VALUES(339,'89','Raed Ghamrawi',2,'[{"changed": {"fields": ["Groups"]}}]',8,7,'2024-01-22 07:35:34.277485');
INSERT INTO "django_admin_log" VALUES(340,'3','user',2,'[{"changed": {"fields": ["Permissions"]}}]',3,7,'2024-01-22 07:37:16.891265');
INSERT INTO "django_admin_log" VALUES(341,'3','user',2,'[{"changed": {"fields": ["Permissions"]}}]',3,7,'2024-01-22 07:39:07.086008');
INSERT INTO "django_admin_log" VALUES(342,'3','NormalUser',2,'[{"changed": {"fields": ["Name"]}}]',3,7,'2024-01-22 07:41:08.597590');
INSERT INTO "django_admin_log" VALUES(343,'89','Raed Ghamrawi',2,'[{"changed": {"fields": ["Groups"]}}]',8,7,'2024-01-22 07:51:59.437524');
INSERT INTO "django_admin_log" VALUES(344,'1','engineer',2,'[{"changed": {"fields": ["Permissions"]}}]',3,7,'2024-01-22 07:56:56.869132');
INSERT INTO "django_admin_log" VALUES(345,'1','engineer',2,'[]',3,7,'2024-01-22 07:57:16.791560');
INSERT INTO "django_admin_log" VALUES(346,'1','engineer',3,'',3,7,'2024-01-23 05:24:44.864550');
INSERT INTO "django_admin_log" VALUES(347,'89','Raed Ghamrawi',2,'[{"changed": {"fields": ["Groups", "User permissions"]}}]',8,7,'2024-01-23 05:25:47.620369');
INSERT INTO "django_admin_log" VALUES(348,'91','Roland Khoury',2,'[{"changed": {"fields": ["Groups"]}}]',8,7,'2024-01-23 05:29:49.197326');
INSERT INTO "django_admin_log" VALUES(349,'91','Roland Khoury',2,'[{"changed": {"fields": ["Groups"]}}]',8,7,'2024-01-23 05:31:32.384208');
INSERT INTO "django_admin_log" VALUES(350,'91','Roland Khoury',2,'[{"changed": {"fields": ["Groups"]}}]',8,7,'2024-01-23 05:33:14.342153');
INSERT INTO "django_admin_log" VALUES(351,'65','Mahmoud Alwan',2,'[{"changed": {"fields": ["Groups"]}}]',8,7,'2024-01-23 07:23:06.889480');
INSERT INTO "django_admin_log" VALUES(352,'38','Haysal Ghamrawi',2,'[{"changed": {"fields": ["Groups"]}}]',8,7,'2024-01-23 07:23:21.541479');
INSERT INTO "django_admin_log" VALUES(353,'107','Wajih Ossmani',2,'[{"changed": {"fields": ["Groups"]}}]',8,7,'2024-01-23 07:23:50.015550');
INSERT INTO "django_admin_log" VALUES(354,'104','Tarek Merheb',2,'[{"changed": {"fields": ["Groups"]}}]',8,7,'2024-01-23 07:24:28.816171');
INSERT INTO "django_admin_log" VALUES(355,'111','Mustafa Unaldi',2,'[{"changed": {"fields": ["Groups"]}}]',8,7,'2024-01-23 07:24:39.985805');
INSERT INTO "django_admin_log" VALUES(356,'8','Adel Atieh',2,'[{"changed": {"fields": ["Has vac ent"]}}]',8,7,'2024-01-26 12:11:50.464573');
INSERT INTO "django_admin_log" VALUES(357,'75','Rabih El-Ali',3,'',10,65,'2024-02-02 07:38:53.913681');
INSERT INTO "django_admin_log" VALUES(358,'74','Roland Khoury',3,'',10,65,'2024-02-02 07:38:53.930251');
INSERT INTO "django_admin_log" VALUES(359,'69','Nayif Nohra',3,'',10,65,'2024-02-02 07:38:53.936783');
INSERT INTO "django_admin_log" VALUES(360,'67','Rabih El-Ali',3,'',10,65,'2024-02-02 07:38:53.945970');
INSERT INTO "django_admin_log" VALUES(361,'65','Mahmoud Alwan',3,'',10,65,'2024-02-02 07:38:53.952359');
INSERT INTO "django_admin_log" VALUES(362,'64','Adel Atieh',3,'',10,65,'2024-02-02 07:38:53.959525');
INSERT INTO "django_admin_log" VALUES(363,'60','Abdel-Basset El Nazer',3,'',10,65,'2024-02-02 07:38:53.966547');
INSERT INTO "django_admin_log" VALUES(364,'1','Adel Atieh',3,'',10,65,'2024-02-02 07:54:10.916058');
CREATE TABLE "django_content_type" ("id" integer NOT NULL PRIMARY KEY AUTOINCREMENT, "app_label" varchar(100) NOT NULL, "model" varchar(100) NOT NULL);
INSERT INTO "django_content_type" VALUES(1,'admin','logentry');
INSERT INTO "django_content_type" VALUES(2,'auth','permission');
INSERT INTO "django_content_type" VALUES(3,'auth','group');
INSERT INTO "django_content_type" VALUES(4,'contenttypes','contenttype');
INSERT INTO "django_content_type" VALUES(5,'sessions','session');
INSERT INTO "django_content_type" VALUES(6,'positions','position');
INSERT INTO "django_content_type" VALUES(7,'departments','department');
INSERT INTO "django_content_type" VALUES(8,'accounts','account');
INSERT INTO "django_content_type" VALUES(9,'vacations','employeeleavestat');
INSERT INTO "django_content_type" VALUES(10,'vacations','vacation');
INSERT INTO "django_content_type" VALUES(11,'guardian','groupobjectpermission');
INSERT INTO "django_content_type" VALUES(12,'guardian','userobjectpermission');
INSERT INTO "django_content_type" VALUES(13,'overtime','overtime');
CREATE TABLE "auth_group_permissions" ("id" integer NOT NULL PRIMARY KEY AUTOINCREMENT, "group_id" integer NOT NULL REFERENCES "auth_group" ("id") DEFERRABLE INITIALLY DEFERRED, "permission_id" integer NOT NULL REFERENCES "auth_permission" ("id") DEFERRABLE INITIALLY DEFERRED);
INSERT INTO "auth_group_permissions" VALUES(13,3,40);
INSERT INTO "auth_group_permissions" VALUES(14,3,37);
INSERT INTO "auth_group_permissions" VALUES(15,3,38);
INSERT INTO "auth_group_permissions" VALUES(16,3,39);
INSERT INTO "auth_group_permissions" VALUES(17,3,32);
INSERT INTO "auth_group_permissions" VALUES(18,3,24);
INSERT INTO "auth_group_permissions" VALUES(19,3,28);
INSERT INTO "auth_group_permissions" VALUES(20,3,36);
CREATE TABLE "auth_permission" ("id" integer NOT NULL PRIMARY KEY AUTOINCREMENT, "content_type_id" integer NOT NULL REFERENCES "django_content_type" ("id") DEFERRABLE INITIALLY DEFERRED, "codename" varchar(100) NOT NULL, "name" varchar(255) NOT NULL);
INSERT INTO "auth_permission" VALUES(1,1,'add_logentry','Can add log entry');
INSERT INTO "auth_permission" VALUES(2,1,'change_logentry','Can change log entry');
INSERT INTO "auth_permission" VALUES(3,1,'delete_logentry','Can delete log entry');
INSERT INTO "auth_permission" VALUES(4,1,'view_logentry','Can view log entry');
INSERT INTO "auth_permission" VALUES(5,2,'add_permission','Can add permission');
INSERT INTO "auth_permission" VALUES(6,2,'change_permission','Can change permission');
INSERT INTO "auth_permission" VALUES(7,2,'delete_permission','Can delete permission');
INSERT INTO "auth_permission" VALUES(8,2,'view_permission','Can view permission');
INSERT INTO "auth_permission" VALUES(9,3,'add_group','Can add group');
INSERT INTO "auth_permission" VALUES(10,3,'change_group','Can change group');
INSERT INTO "auth_permission" VALUES(11,3,'delete_group','Can delete group');
INSERT INTO "auth_permission" VALUES(12,3,'view_group','Can view group');
INSERT INTO "auth_permission" VALUES(13,4,'add_contenttype','Can add content type');
INSERT INTO "auth_permission" VALUES(14,4,'change_contenttype','Can change content type');
INSERT INTO "auth_permission" VALUES(15,4,'delete_contenttype','Can delete content type');
INSERT INTO "auth_permission" VALUES(16,4,'view_contenttype','Can view content type');
INSERT INTO "auth_permission" VALUES(17,5,'add_session','Can add session');
INSERT INTO "auth_permission" VALUES(18,5,'change_session','Can change session');
INSERT INTO "auth_permission" VALUES(19,5,'delete_session','Can delete session');
INSERT INTO "auth_permission" VALUES(20,5,'view_session','Can view session');
INSERT INTO "auth_permission" VALUES(21,6,'add_position','Can add position');
INSERT INTO "auth_permission" VALUES(22,6,'change_position','Can change position');
INSERT INTO "auth_permission" VALUES(23,6,'delete_position','Can delete position');
INSERT INTO "auth_permission" VALUES(24,6,'view_position','Can view position');
INSERT INTO "auth_permission" VALUES(25,7,'add_department','Can add department');
INSERT INTO "auth_permission" VALUES(26,7,'change_department','Can change department');
INSERT INTO "auth_permission" VALUES(27,7,'delete_department','Can delete department');
INSERT INTO "auth_permission" VALUES(28,7,'view_department','Can view department');
INSERT INTO "auth_permission" VALUES(29,8,'add_account','Can add account');
INSERT INTO "auth_permission" VALUES(30,8,'change_account','Can change account');
INSERT INTO "auth_permission" VALUES(31,8,'delete_account','Can delete account');
INSERT INTO "auth_permission" VALUES(32,8,'view_account','Can view account');
INSERT INTO "auth_permission" VALUES(33,9,'add_employeeleavestat','Can add employee leave stat');
INSERT INTO "auth_permission" VALUES(34,9,'change_employeeleavestat','Can change employee leave stat');
INSERT INTO "auth_permission" VALUES(35,9,'delete_employeeleavestat','Can delete employee leave stat');
INSERT INTO "auth_permission" VALUES(36,9,'view_employeeleavestat','Can view employee leave stat');
INSERT INTO "auth_permission" VALUES(37,10,'add_vacation','Can add vacation');
INSERT INTO "auth_permission" VALUES(38,10,'change_vacation','Can change vacation');
INSERT INTO "auth_permission" VALUES(39,10,'delete_vacation','Can delete vacation');
INSERT INTO "auth_permission" VALUES(40,10,'view_vacation','Can view vacation');
INSERT INTO "auth_permission" VALUES(41,11,'add_groupobjectpermission','Can add group object permission');
INSERT INTO "auth_permission" VALUES(42,11,'change_groupobjectpermission','Can change group object permission');
INSERT INTO "auth_permission" VALUES(43,11,'delete_groupobjectpermission','Can delete group object permission');
INSERT INTO "auth_permission" VALUES(44,11,'view_groupobjectpermission','Can view group object permission');
INSERT INTO "auth_permission" VALUES(45,12,'add_userobjectpermission','Can add user object permission');
INSERT INTO "auth_permission" VALUES(46,12,'change_userobjectpermission','Can change user object permission');
INSERT INTO "auth_permission" VALUES(47,12,'delete_userobjectpermission','Can delete user object permission');
INSERT INTO "auth_permission" VALUES(48,12,'view_userobjectpermission','Can view user object permission');
INSERT INTO "auth_permission" VALUES(49,13,'add_overtime','Can add overtime');
INSERT INTO "auth_permission" VALUES(50,13,'change_overtime','Can change overtime');
INSERT INTO "auth_permission" VALUES(51,13,'delete_overtime','Can delete overtime');
INSERT INTO "auth_permission" VALUES(52,13,'view_overtime','Can view overtime');
CREATE TABLE "auth_group" ("id" integer NOT NULL PRIMARY KEY AUTOINCREMENT, "name" varchar(150) NOT NULL UNIQUE);
INSERT INTO "auth_group" VALUES(3,'NormalUser');
CREATE TABLE "django_session" ("session_key" varchar(40) NOT NULL PRIMARY KEY, "session_data" text NOT NULL, "expire_date" datetime NOT NULL);
INSERT INTO "django_session" VALUES('sswfvfbt3t75vw1huf4b9tusg9g3siqt','.eJxVjDsOwjAQBe_iGlkxhN2Ykj5nsPZnEkCOFCcV4u4QKQW0b2beyyValyGt1eY0qrs4dIffjUkeVjagdyq3yctUlnlkvyl-p9X3k9rzurt_BwPV4VtH5MARQ0eSz4AqsRMGVso5hxYBTSBYVGs1i0FAg1NDGiw3R-QO3PsDEgw5FA:1rI6gF:ya33XBcwRtrE7QXqFVu9ExXhkwpp9aXKz9bwJpo143M','2024-01-09 12:37:07.576534');
INSERT INTO "django_session" VALUES('wmnnwo1dsycq9qrdizsz1z7gil7se677','e30:1rNuwk:BQiRDRBp4UQwnPOyIbzI0m24wZWsk4rJGM9NNq4G0Q8','2024-01-25 13:18:10.240988');
INSERT INTO "django_session" VALUES('2ow59u7q8rervzyqf9vc05uorfye84e9','e30:1rNuws:UfFHmQrEZpgbzODpmocU_ltQe_r1JADMZRbfaYJqOeM','2024-01-25 13:18:18.507083');
INSERT INTO "django_session" VALUES('oqw10qlnsan3bjky6qwovxzjm2fkgvcb','e30:1rOA9L:O88WL0RwpPi6SXTtk3e2iKGVNZ3klm1Xtc0vwJUjjFI','2024-01-26 05:32:11.504167');
INSERT INTO "django_session" VALUES('f8vloipz9wdf9my8nvxf0j6ya3u3fyr8','eyJuYW1lX3NlYXJjaCI6IiIsIlBTbm9fc2VhcmNoIjoiMTAwMCJ9:1rOAQf:odJ3g33xvhXEfBhMXduxIMJzc1w0J2Y6b2MWB1aWn84','2024-01-26 05:50:05.724471');
INSERT INTO "django_session" VALUES('bpx7gzs01aq9b53jrjju8p7a6q2r6257','e30:1rOAQu:v0oN-87OzVJEas3ivOiLIhss1KmU4JcHGs46LshN9PU','2024-01-26 05:50:20.086807');
INSERT INTO "django_session" VALUES('4wu8hgb3n01ah6ts84s3r4qxkkzxywa6','e30:1rOB7d:7dehRGq3XOYDBPQ-OYWB6bdh69844R8YpkAZFErqRro','2024-01-26 06:34:29.774239');
INSERT INTO "django_session" VALUES('mku4kxc39ep566xjc6ue9xvmrbe6gher','e30:1rOCfQ:iuZhs7E2mhm3UDKIfJrGPfHNh6_roiH04rskGnSpOwg','2024-01-26 08:13:28.703897');
INSERT INTO "django_session" VALUES('0rs8cngaw02tyqnc1ou28wewvukcs2cb','e30:1rOCnx:hz3tysptSAlag6Z4efa4JN97Qnz6Lgbrwfj0YgvPmFc','2024-01-26 08:22:17.002252');
INSERT INTO "django_session" VALUES('lffhurqywvztaocbsqaxtz0t260r4vt0','e30:1rOCyK:br7SMTUNtOxM2M8IpIUPOixbI3nEQOpERH2xbyRNOuY','2024-01-26 08:33:00.779735');
INSERT INTO "django_session" VALUES('l0zultz65ml6zsa807cncuzsm7ngx89b','e30:1rOCyV:qvoR_iNZ-vrncDlTdN2H9q_DIm9qL-qjr__I7d-7Tug','2024-01-26 08:33:11.106941');
INSERT INTO "django_session" VALUES('sizdmzo8xgh5yril9l1v0h6fixxpns0q','e30:1rOD2U:yBy1KGIwL7Wew_EzStqots3POkQ1Tb2DxsUjGtlzC9Y','2024-01-26 08:37:18.529950');
INSERT INTO "django_session" VALUES('0sh26t136u6dnax6ba722nfo0mdczjdp','e30:1rOD4A:97Y667YWW9THvBjhfhIf-B0fdFzI4JNpdFiFgI19p1g','2024-01-26 08:39:02.754749');
INSERT INTO "django_session" VALUES('apa8h7c1ofxwaqpyh4fkfr8002o1363n','e30:1rOFrB:OUdrM75gEzf7gBdjtCJKEXcvislk_ot5qif6mo5xsf0','2024-01-26 11:37:49.810187');
INSERT INTO "django_session" VALUES('woe1ks98w1grym7r104pk37eudi1fmpd','e30:1rOFtC:VyHLhddmd-79nucWbxEzSzdAtukYc3vwUCpeNkPHYGo','2024-01-26 11:39:54.988853');
INSERT INTO "django_session" VALUES('1j3aqtkhjqafm7j1bm93fgakppga6h9h','e30:1rOFtQ:LZ4oFT3k4fT_DLQeraYvIiLQkYom9pCqEg9vHmyLhcE','2024-01-26 11:40:08.427201');
INSERT INTO "django_session" VALUES('adh3qkc1fu43ibx4xjl8scb6urmng8lv','e30:1rOG9x:v13w52l7xBV2Lzk95SBGWUXSgr2_4kBp7ABFaZi8Vng','2024-01-26 11:57:13.461686');
INSERT INTO "django_session" VALUES('no9vq9pfio9ut3azhqbr6bbh0tclu20x','e30:1rOGA9:ykeSjuJR6lUBqg7dNeOkfdO3J1T40ln-uWAri4UdpcY','2024-01-26 11:57:25.094322');
INSERT INTO "django_session" VALUES('jybs47xv216cydq5bgnxdndnrfd483ck','e30:1rOGDV:HePekFweqhD_bCmrut7RxdT-aXQsroolu4WmLjDX0Gc','2024-01-26 12:00:53.277780');
INSERT INTO "django_session" VALUES('7u26v5jud7k88ygb7d3zihb7ak9y51om','e30:1rOGEd:Kdds8I0lidx9OqwVrkZfJZCWeEP3yQYlyft4fGrS548','2024-01-26 12:02:03.152174');
INSERT INTO "django_session" VALUES('zzcb70o9h6jgz1y2dtnqcbkbuzua17by','e30:1rOHPg:0b7hbc9HRFsKKqNfTyymOB5kAOqLzgaa4jmmj0g8BKE','2024-01-26 13:17:32.113790');
INSERT INTO "django_session" VALUES('4uwf0c8bcg5o03zgjvwtuc8hsekvghbs','e30:1rOHeL:usy1aZhIuMsOtfHOOdAiWHgQzkuyATrn4zQC3tazqR8','2024-01-26 13:32:41.903324');
INSERT INTO "django_session" VALUES('wr92soqpxeyn0pufqukktf9nb3kid6y8','e30:1rOHeX:h4oA46gsLV9zLiDB_bD-WGFdaWqQ7jcjZEGpRPjVfRI','2024-01-26 13:32:53.646483');
INSERT INTO "django_session" VALUES('gm5ocuyf2d444rbynd3keg59ef2q1swt','e30:1rPLpE:ebKNEBWQIMfvFta9Lool-K-qdwKgoaoIjvwWKoMTdNQ','2024-01-29 12:12:20.703030');
INSERT INTO "django_session" VALUES('bfx5e84snd8pa0z3hvqyriefjpr0tmlz','e30:1rPLpT:zpxsSO3dcGkUsHkDNoz_GL7C-2N2fOP_lYVbA9VXFd0','2024-01-29 12:12:35.218017');
INSERT INTO "django_session" VALUES('4uz6je4krvoiqh7vhehl5a3msjckhuc5','e30:1rPLpe:oR-mROGvRrPlxovuxvahdVHPbtR5uQVUZMYUUoEDz7U','2024-01-29 12:12:46.014475');
INSERT INTO "django_session" VALUES('143pk1llxop73qlbeyiwdcbl774er5xt','e30:1rPLpj:b9xe5VzBemF8BYMaCalpJCKoiGh4EcrR3DSUiu7jRJE','2024-01-29 12:12:51.857848');
INSERT INTO "django_session" VALUES('kiieilc6yrs2w45kma62wpnjd29c3mbu','e30:1rPLqi:iLN-aDvDqntUe9iTZS3m0qesF-FXzR_pqFaqZOQBXR4','2024-01-29 12:13:52.854865');
INSERT INTO "django_session" VALUES('g5er25v9e6km3utgipkbflxoyaabova2','e30:1rPLri:zGIg1ge3TVO-ZHSxMC2dkRPAVQzaVHPKnNMJoKIn9Qw','2024-01-29 12:14:54.501747');
INSERT INTO "django_session" VALUES('25ba856x8dg9v2t3jcr4e6nxq1g5xl7t','e30:1rPeaX:6yhHWxYDdHd0i9gAi4z9hp7yuVy9ge4_NnfcQS5snRw','2024-01-30 08:14:25.829703');
INSERT INTO "django_session" VALUES('a1gf8h32ksvfg2g8fl06tl9nk0mbu8gv','e30:1rQ48F:r6up4yy0L48HBma7g4jN-Cdis7TU2cdnB_CgSmRyiWU','2024-01-31 11:30:55.631265');
INSERT INTO "django_session" VALUES('bsg9fimupvrnq72p93p79h2n262wmvie','e30:1rQ48J:h2pSgErnKleGSWWt1D5znI1NsW_yVfMln6fVTW3594s','2024-01-31 11:30:59.523640');
INSERT INTO "django_session" VALUES('wx376q3dshn1uee290y8fi3flyg06r2e','e30:1rQ48N:ci_xjcOidemq2kMTgSmiM7chsibo3BxbQcNrqb31RYw','2024-01-31 11:31:03.684883');
INSERT INTO "django_session" VALUES('f92n7xossc0l6h45ut4705ra7krzwp28','e30:1rQ48U:_m9ZzED7zF7IfGKJ-FkBgB1DZy29K8phfCaW3rDEWkU','2024-01-31 11:31:10.301248');
INSERT INTO "django_session" VALUES('z0m39lhto8oldfzsg9h4hoz1l5zd8saz','e30:1rQ4AO:pUHkE0Dz5yC67tIsww6H8mBNDzkYueiCsM6nyp03uO0','2024-01-31 11:33:08.779197');
INSERT INTO "django_session" VALUES('t3drt5ff81bq3nyc8xkoailn9d3n55d3','e30:1rQ4AS:TUX6qHyPK2E0zCiZEa1PMgoBGHO8fTbGso9Rv1Qqj_Q','2024-01-31 11:33:12.630977');
INSERT INTO "django_session" VALUES('afn2mzqpm0kwil4e9faugsst6f6bbt56','e30:1rQ557:l1tNr_hEcHOmk6I68E1K34NQFvXKDOnoMr3xBK0pouE','2024-01-31 12:31:45.844754');
INSERT INTO "django_session" VALUES('a60g92kd9tigxo3tlbpqtlq4tr7mezut','e30:1rRpGS:RoYwJyd27581mGB6PacyuRLPRO9Mrmv0-NN9YbeJ9vM','2024-02-05 08:02:40.143175');
INSERT INTO "django_session" VALUES('1sos7r5ar5vti3qpfkaytvf15rwxhnoh','e30:1rRpGV:8FsZlN-_oOPHxd6-UOKkaI0F-IPezMxxE8AGVcopPtU','2024-02-05 08:02:43.346915');
INSERT INTO "django_session" VALUES('6srk0pcrm0ibxgyfwmc449afita5hqr2','e30:1rRpGb:jRp-qGa0bCJzSY3PwC-UF-rUiLZNfzDqDdMpnv0hbWM','2024-02-05 08:02:49.198839');
INSERT INTO "django_session" VALUES('g4sanm3qpee15254m74we4rad59ugiy6','e30:1rRsLx:nuBaQsBpr_xvr-ZX06H6rrXS0gm_IOrOGlBM3nkN9K4','2024-02-05 11:20:33.179248');
INSERT INTO "django_session" VALUES('q8kw6yy7j7q0l0sgzwenzdyd0fq7ujws','e30:1rRsMp:IqqnPDTqDRo8ugmDNxjRmM6zfsMXXg0ZuPjR7WmGMVM','2024-02-05 11:21:27.263007');
INSERT INTO "django_session" VALUES('o21u7ueqmlpqhb876tyn78bf0xv276wn','e30:1rRsN4:tcsAD66cCq_k_8wthxN-NXhcDX4oe1JhaFupP3QZ3MU','2024-02-05 11:21:42.953931');
INSERT INTO "django_session" VALUES('lix25isqpqqterunnjwjgy3dtu11z6c1','e30:1rRsNF:dEABmdnonVF_eNHpTbmRY4Ut9zs0sC6aX8PTbt-tjF8','2024-02-05 11:21:53.268541');
INSERT INTO "django_session" VALUES('hwhvbugj9wucrqmfli7zus5377cl3kfa','e30:1rRsNb:gKETDzmHCaoSdUJmcOU60tJXeTv18q4__KWfyXz6zmY','2024-02-05 11:22:15.870544');
INSERT INTO "django_session" VALUES('xnr2r645s1crvcbyirwd3tre1vqdaf1c','e30:1rRsP8:w1HcTdt5nsb-tR3buQCpa8nel9erSEAOc47_NkKTbIo','2024-02-05 11:23:50.549917');
INSERT INTO "django_session" VALUES('ell1drz2xurn18gvjc8cpdoliuozfwhe','e30:1rRsRJ:o72LQEHv0mHMkTfK3WKXGK3K9M7Mj0os6JZ_6sIuimE','2024-02-05 11:26:05.636957');
INSERT INTO "django_session" VALUES('fk1m1k1f1zogfqgndor7ose2kjm1e62v','e30:1rS9Cn:0leCA_2XqMQfLKXCZONkGGdc5zlXt_AJZZ8C8yinaEA','2024-02-06 05:20:13.746137');
INSERT INTO "django_session" VALUES('d7j7p7fquj91fignxzwvh69n266i97f9','e30:1rS9Ct:65T2oa_bImejMO54SyldlrLjP8_2Cy4_g_LWOLOHoVA','2024-02-06 05:20:19.716337');
INSERT INTO "django_session" VALUES('g8xu2bd0obr0h2j23dsb1sqg79lpcvl0','.eJxVjMsOwiAQRf-FtSFMZ0aKS_f9BgIM2KqBpI-V8d-1SRe6veec-1I-bOvotyXPfhJ1UVadfrcY0iPXHcg91FvTqdV1nqLeFX3QRQ9N8vN6uH8HY1jGb01cAAMBdpAKU2S0IKWANRBNlJ6EMxKC6TtH4jIKnZ1FI8SOgbN6fwDCwTav:1rS9NM:JPChBGXjP2GIk77skQnFf1wIseEGyTPRZllsdW9MVCo','2024-02-06 05:31:08.307520');
INSERT INTO "django_session" VALUES('np4xq6528tz4oyd64403fgqyfv3vjz15','e30:1rStRT:rfaK0n6Hwc2MbENc7ButSzskWDM_xyTZY1_EFmkTGs0','2024-02-08 06:42:27.074182');
INSERT INTO "django_session" VALUES('9o6ygzfjh4p6qfproz1oqthsnhcsikrp','.eJxVjMsOwiAQRf-FdUMAoVCX7k1M_AAyw0xttULSx8r477ZJF3Z7zr3nIyIscxeXicfYkziLRovqHyKkF-fN0BPyo8hU8jz2KLeJ3O0kr4V4uOzbQ6CDqVvfXnPrklFosHVa-8YZw9ZahcBQY3DYKJcICetTYPKUlLc-OLCtDpb8Gs3w5jgxjGkN5mUYKnG753JA3x9k3kXM:1rTH6y:TKwB0WArPho8k3I-6N-jaXqNLc8Wy2F9F36eaG3lPjQ','2024-02-09 07:58:52.111172');
INSERT INTO "django_session" VALUES('cay74z8qx345ed5bz02sgio3dvkd832n','e30:1rTKm1:6YbR7t1AIJZ6drIolq1s8eI2vGepMN-t8H6u-FRdy1U','2024-02-09 11:53:29.846594');
INSERT INTO "django_session" VALUES('7g5uq0u5h9jwhgezgdwjnf6cz6wyr2ni','e30:1rTMt2:9cWGhtLPpdvMVpILI91-H_JILRJriMgLJAyayJ9Uy1Y','2024-02-09 14:08:52.402697');
INSERT INTO "django_session" VALUES('dmfkjb505rwfrcj1pwextfj8h2knltxf','e30:1rTMtM:hYCEsTBuVKzfhm_g0t_x1Qrd3Q4SeYObGZkllvNfV0w','2024-02-09 14:09:12.911267');
INSERT INTO "django_session" VALUES('k8vlxsb65can7zc6kdm56pbvpu69i6bf','.eJxVjMsOgjAUBf-la9K00AfXpXsTEz-guX0JCm1CYWX8d0vCQrZn5syHGNzWwWwlLGb05EKUJM3_aNG9Q9qJf2F6ZupyWpfR0l2hBy30ln2Yrod7CgxYhvoWaJVWHYAUGiH4yDuwEljswXMJUWrGhNLcRaU63iPjPUCrLYBoRXVqNOEcTAm4uBpM2zQ15P5I-TR9f_v_RCg:1rVXP9:pXPCzSZZcyGKovD_LeEJUGGhs5G9jYV29qQ0jfzA3wg','2024-02-15 13:46:59.910883');
INSERT INTO "django_session" VALUES('opvzyw05voy8ormuhg7qsi2o90wxt94y','.eJxVjMsOgjAUBf-la9K00AfXpXsTEz-guX0JCm1CYWX8d0vCQrZn5syHGNzWwWwlLGb05EKUJM3_aNG9Q9qJf2F6ZupyWpfR0l2hBy30ln2Yrod7CgxYhvoWaJVWHYAUGiH4yDuwEljswXMJUWrGhNLcRaU63iPjPUCrLYBoRXVqNOEcTAm4uBpM2zQ15P5I-TR9f_v_RCg:1rXDwQ:Y2UyU2Ia6cISh78AmQVEBfDlck3twAwunMGxv4VPeww','2024-02-20 05:24:18.163118');
CREATE TABLE "vacations_employeeleavestat" ("id" integer NOT NULL PRIMARY KEY AUTOINCREMENT, "current_year" integer NOT NULL, "previous_year" integer NOT NULL, "total_annual" integer NOT NULL, "daystaken_current" integer NOT NULL, "employee_id" bigint NOT NULL UNIQUE REFERENCES "accounts_account" ("id") DEFERRABLE INITIALLY DEFERRED, "description" varchar(50) NOT NULL);
INSERT INTO "vacations_employeeleavestat" VALUES(2,18,5,23,13,65,'Contract year 7');
INSERT INTO "vacations_employeeleavestat" VALUES(3,18,0,18,7,3,'Contract year 7');
INSERT INTO "vacations_employeeleavestat" VALUES(4,18,5,23,2,70,'Contract year 7');
INSERT INTO "vacations_employeeleavestat" VALUES(5,21,5,26,34,89,'Contract year 7');
INSERT INTO "vacations_employeeleavestat" VALUES(6,21,0,21,11,2,'Contract year 7');
INSERT INTO "vacations_employeeleavestat" VALUES(12,21,5,26,10,29,'Contract year 7');
INSERT INTO "vacations_employeeleavestat" VALUES(13,15,0,15,12,8,'Contract year 7');
INSERT INTO "vacations_employeeleavestat" VALUES(14,21,12,33,5,17,'Contract year 7');
INSERT INTO "vacations_employeeleavestat" VALUES(15,15,5,20,13,101,'Contract year 7');
INSERT INTO "vacations_employeeleavestat" VALUES(16,21,5,26,10,91,'Contract year 7');
INSERT INTO "vacations_employeeleavestat" VALUES(17,21,8,29,19,86,'Contract year 7');
INSERT INTO "vacations_employeeleavestat" VALUES(18,15,0,15,16,81,'Contract year 7');
INSERT INTO "vacations_employeeleavestat" VALUES(19,15,5,20,10,71,'Contract year 7');
INSERT INTO "vacations_employeeleavestat" VALUES(20,15,0,15,11,79,'Contract year 7');
CREATE TABLE "accounts_account_groups" ("id" integer NOT NULL PRIMARY KEY AUTOINCREMENT, "account_id" bigint NOT NULL REFERENCES "accounts_account" ("id") DEFERRABLE INITIALLY DEFERRED, "group_id" integer NOT NULL REFERENCES "auth_group" ("id") DEFERRABLE INITIALLY DEFERRED);
INSERT INTO "accounts_account_groups" VALUES(4,89,3);
INSERT INTO "accounts_account_groups" VALUES(6,91,3);
INSERT INTO "accounts_account_groups" VALUES(7,65,3);
INSERT INTO "accounts_account_groups" VALUES(8,38,3);
INSERT INTO "accounts_account_groups" VALUES(9,107,3);
INSERT INTO "accounts_account_groups" VALUES(10,104,3);
INSERT INTO "accounts_account_groups" VALUES(11,111,3);
CREATE TABLE "accounts_account_user_permissions" ("id" integer NOT NULL PRIMARY KEY AUTOINCREMENT, "account_id" bigint NOT NULL REFERENCES "accounts_account" ("id") DEFERRABLE INITIALLY DEFERRED, "permission_id" integer NOT NULL REFERENCES "auth_permission" ("id") DEFERRABLE INITIALLY DEFERRED);
CREATE TABLE "accounts_account" ("id" integer NOT NULL PRIMARY KEY AUTOINCREMENT, "password" varchar(128) NOT NULL, "first_name" varchar(50) NOT NULL, "middle_name" varchar(50) NULL, "last_name" varchar(50) NULL, "username" varchar(50) NOT NULL UNIQUE, "email" varchar(100) NOT NULL UNIQUE, "phone_number" varchar(50) NULL, "ps_number" varchar(50) NULL, "financial_number" varchar(50) NULL, "nssf_number" varchar(50) NULL, "work_start_date" date NULL, "work_finish_date" date NULL, "remarks" text NULL, "address" text NULL, "date_joined" datetime NOT NULL, "is_admin" bool NOT NULL, "is_staff" bool NOT NULL, "is_active" bool NOT NULL, "position_id" bigint NULL REFERENCES "positions_position" ("id") DEFERRABLE INITIALLY DEFERRED, "department_id" bigint NULL REFERENCES "departments_department" ("id") DEFERRABLE INITIALLY DEFERRED, "profile_pic" varchar(100) NULL, "is_head" bool NOT NULL, "has_vac_ent" bool NOT NULL, "is_superuser" bool NOT NULL, "last_login" datetime NOT NULL, "head_dep_id" bigint NULL REFERENCES "accounts_account" ("id") DEFERRABLE INITIALLY DEFERRED);
INSERT INTO "accounts_account" VALUES(2,'admin','Abdallah','','Hadad','Abdallah.Hadad','Abdallah.Hadad@primesouth.com.lb','','67','','','2016-02-16',NULL,'','','2023-12-27 07:36:55.764687',0,1,1,51,8,NULL,0,0,0,'2023-12-27 07:36:55.764687',53);
INSERT INTO "accounts_account" VALUES(3,'admin','Abdel-Basset',NULL,'El Nazer','Abdel.BassetElNazer','Abdel.BassetElNazer@primesouth.com.lb',NULL,'48',NULL,NULL,'2016-02-16',NULL,'','','2023-12-27 07:36:55.767686',0,1,1,44,6,'',0,1,0,'2023-12-27 07:36:55.767686',44);
INSERT INTO "accounts_account" VALUES(4,'admin','Abdel-khalek','','Seif','Abdel-khalek.Seif','Abdel-khalek.Seif@primesouth.com.lb','','43','','','2016-02-16',NULL,'','','2023-12-27 07:36:55.770689',0,1,1,21,4,NULL,0,0,0,'2023-12-27 07:36:55.770689',110);
INSERT INTO "accounts_account" VALUES(5,'admin','Abdul-Rahman','','Kabara','Abdul-Rahman.Kabara','Abdul-Rahman.Kabara@primesouth.com.lb','','254','','','2016-02-16',NULL,'','','2023-12-27 07:36:55.773688',0,1,1,5,4,NULL,0,0,0,'2023-12-27 07:36:55.773688',110);
INSERT INTO "accounts_account" VALUES(6,'admin','Abdo','','Rached','Abdo.Rached','Abdo.Rached@primesouth.com.lb','','414','','','2016-02-16',NULL,'','','2023-12-27 07:36:55.776687',0,1,1,5,4,NULL,0,0,0,'2023-12-27 07:36:55.776687',110);
INSERT INTO "accounts_account" VALUES(7,'pbkdf2_sha256$720000$f0j6hwuHvCMAIcv2wiPRV9$GHRpvr/JPl6x7q7QsyAYtSPaHmfWyRqagRN00rhcISA=','admin','','admin','adminuser','admin@live.com','','0','','','2024-01-22',NULL,'','','2023-12-26 12:36:43.147146',1,1,1,55,6,'',0,0,1,'2024-02-02 07:57:31.134003',89);
INSERT INTO "accounts_account" VALUES(8,'admin','Adel',NULL,'Atieh','Adel.Atieh','Adel.Atieh@primesouth.com.lb',NULL,'421',NULL,NULL,'2016-02-16',NULL,'','','2023-12-27 07:36:55',0,1,1,31,2,'',0,1,0,'2023-12-27 07:36:55',65);
INSERT INTO "accounts_account" VALUES(9,'admin','Ahmad','','Alameddine','Ahmad.Alameddine','Ahmad.Alameddine@primesouth.com.lb','','10','','','2016-02-16',NULL,'','','2023-12-27 07:36:55.783791',0,1,1,44,6,NULL,0,0,0,'2023-12-27 07:36:55.783791',44);
INSERT INTO "accounts_account" VALUES(10,'admin','Ahmad','','El-kheir','Ahmad.El-kheir','Ahmad.El-kheir@primesouth.com.lb','','288','','','2016-02-16',NULL,'','','2023-12-27 07:36:55.786828',0,1,1,44,6,NULL,0,0,0,'2023-12-27 07:36:55.786828',44);
INSERT INTO "accounts_account" VALUES(11,'admin','Ahmad',NULL,'Eid','Ahmad.Eid','Ahmad.Eid@primesouth.com.lb',NULL,'7',NULL,NULL,'2016-02-16',NULL,'','','2023-12-27 07:36:55.789828',0,1,1,50,8,NULL,0,0,0,'2023-12-27 07:36:55.790831',53);
INSERT INTO "accounts_account" VALUES(12,'admin','Ahmad',NULL,'El-Masri','Ahmad.El-Masri','Ahmad.El-Masri@primesouth.com.lb',NULL,'8',NULL,NULL,'2016-02-16',NULL,'','','2023-12-27 07:36:55.793829',0,1,1,44,6,NULL,0,0,0,'2023-12-27 07:36:55.793829',44);
INSERT INTO "accounts_account" VALUES(13,'admin','Akram',NULL,'Eid','Akram.Eid','Akram.Eid@primesouth.com.lb',NULL,'250',NULL,NULL,'2016-02-16',NULL,'','','2023-12-27 07:36:55.796796',0,1,1,47,4,NULL,0,0,0,'2023-12-27 07:36:55.796796',110);
INSERT INTO "accounts_account" VALUES(14,'admin','Ali',NULL,'El-kheir','Ali.El-kheir','Ali.El-kheir@primesouth.com.lb',NULL,'204',NULL,NULL,'2016-02-16',NULL,'','','2023-12-27 07:36:55.799828',0,1,1,17,7,NULL,0,0,0,'2023-12-27 07:36:55.799828',38);
INSERT INTO "accounts_account" VALUES(16,'admin','Alaa','','Dahabi','Alaa.Dahabi','Alaa.Dahabi@primesouth.com.lb','','256','','','2016-02-16',NULL,'','','2023-12-27 07:36:55.805829',0,1,1,45,4,'',0,0,0,'2023-12-27 07:36:55.805829',110);
INSERT INTO "accounts_account" VALUES(17,'admin','Amer',NULL,'Souk','Amer.Souk','Amer.Souk@primesouth.com.lb',NULL,'12',NULL,NULL,'2016-02-16',NULL,'','','2023-12-27 07:36:55.808828',0,1,1,47,4,'',0,1,0,'2023-12-27 07:36:55.808828',110);
INSERT INTO "accounts_account" VALUES(18,'admin','Ahmad',NULL,'Accoumeh','Ahmad.Accoumeh','Ahmad.Accoumeh@primesouth.com.lb',NULL,'9',NULL,NULL,'2016-02-16',NULL,'','','2023-12-27 07:36:55.811832',0,1,1,40,8,NULL,0,0,0,'2023-12-27 07:36:55.811832',53);
INSERT INTO "accounts_account" VALUES(19,'admin','Ayman',NULL,'Sobhiye','Ayman.Sobhiye','Ayman.Sobhiye@primesouth.com.lb',NULL,'289',NULL,NULL,'2016-02-16',NULL,'','','2023-12-27 07:36:55.816559',0,1,1,3,8,NULL,0,0,0,'2023-12-27 07:36:55.816559',53);
INSERT INTO "accounts_account" VALUES(20,'admin','Bachir','','Aadra','Bachir.Aadra','Bachir.Aadra@primesouth.com.lb','','14','','','2016-02-16',NULL,'','','2023-12-27 07:36:55.819559',0,1,1,21,4,NULL,0,0,0,'2023-12-27 07:36:55.819559',110);
INSERT INTO "accounts_account" VALUES(21,'admin','Charbel',NULL,'Arida','Charbel.Arida','Charbel.Arida@primesouth.com.lb',NULL,'16',NULL,NULL,'2016-02-16',NULL,'','','2023-12-27 07:36:55.822559',0,1,1,21,4,NULL,0,0,0,'2023-12-27 07:36:55.822559',110);
INSERT INTO "accounts_account" VALUES(22,'admin','Chaza','','Adhami','Chaza.Adhami','Chaza.Adhami@primesouth.com.lb','','17','','','2016-02-16',NULL,'','','2023-12-27 07:36:55.825597',0,1,1,48,4,'',0,0,0,'2023-12-27 07:36:55.825597',116);
INSERT INTO "accounts_account" VALUES(23,'admin','Daoud',NULL,'Fawaz','Daoud.Fawaz','Daoud.Fawaz@primesouth.com.lb',NULL,'18',NULL,NULL,'2016-02-16',NULL,'','','2023-12-27 07:36:55.828599',0,1,1,47,4,NULL,0,0,0,'2023-12-27 07:36:55.828599',110);
INSERT INTO "accounts_account" VALUES(24,'admin','Dany',NULL,'Safi','Dany.Safi','Dany.Safi@primesouth.com.lb',NULL,'283',NULL,NULL,'2016-02-16',NULL,'','','2023-12-27 07:36:55.833563',0,1,1,5,4,NULL,0,0,0,'2023-12-27 07:36:55.833563',110);
INSERT INTO "accounts_account" VALUES(25,'admin','Elie',NULL,'Ghosh','Elie.Ghosh','Elie.Ghosh@primesouth.com.lb',NULL,'19',NULL,NULL,'2016-02-16',NULL,'','','2023-12-27 07:36:55.836562',0,1,1,42,5,NULL,0,0,0,'2023-12-27 07:36:55.836562',104);
INSERT INTO "accounts_account" VALUES(26,'admin','Elie',NULL,'Lichaa','Elie.Lichaa','Elie.Lichaa@primesouth.com.lb',NULL,'20',NULL,NULL,'2016-02-16',NULL,'','','2023-12-27 07:36:55.840136',0,1,1,21,4,NULL,0,0,0,'2023-12-27 07:36:55.840136',110);
INSERT INTO "accounts_account" VALUES(27,'admin','Fayez',NULL,'Minkara','Fayez.Minkara','Fayez.Minkara@primesouth.com.lb',NULL,'21',NULL,NULL,'2016-02-16',NULL,'','','2023-12-27 07:36:55.843136',0,1,1,5,4,NULL,0,0,0,'2023-12-27 07:36:55.843136',110);
INSERT INTO "accounts_account" VALUES(28,'admin','Fatina',NULL,'Abed-El-Rihman','Fatina.Abed-El-Rihman','Fatina.Abed-El-Rihman@primesouth.com.lb',NULL,'240',NULL,NULL,'2016-02-16',NULL,'','','2023-12-27 07:36:55.846135',0,1,1,11,8,NULL,0,0,0,'2023-12-27 07:36:55.846135',58);
INSERT INTO "accounts_account" VALUES(29,'pbkdf2_sha256$720000$He6zSl8vBATTT8bYzbnUpp$2HBM5XzW77u3BgXtfMmGKCnu89BEuW9VKtmS1rzQCRs=','Georges',NULL,'Pharoun','Georges.Pharoun','Georges.Pharoun@primesouth.com.lb',NULL,'411',NULL,NULL,'2016-02-16',NULL,'','','2023-12-27 07:27:55.726073',1,1,1,14,5,'',1,1,0,'2024-02-02 08:40:53.894950',111);
INSERT INTO "accounts_account" VALUES(30,'admin','Georges',NULL,'Rizk','Georges.Rizk','Georges.Rizk@primesouth.com.lb',NULL,'248',NULL,NULL,'2016-02-16',NULL,'','','2023-12-27 07:36:55.850716',0,1,1,15,5,NULL,0,0,0,'2023-12-27 07:36:55.850716',104);
INSERT INTO "accounts_account" VALUES(31,'admin','Hassan',NULL,'Douheiby','Hassan.Douheiby','Hassan.Douheiby@primesouth.com.lb',NULL,'210',NULL,NULL,'2016-02-16',NULL,'','','2023-12-27 07:36:55.853716',0,1,1,5,4,NULL,0,0,0,'2023-12-27 07:36:55.853716',110);
INSERT INTO "accounts_account" VALUES(32,'admin','Hamed',NULL,'El-Salti','Hamed.El-Salti','Hamed.El-Salti@primesouth.com.lb',NULL,'24',NULL,NULL,'2016-02-16',NULL,'','','2023-12-27 07:36:55.856716',0,1,1,46,5,NULL,0,0,0,'2023-12-27 07:36:55.856716',104);
INSERT INTO "accounts_account" VALUES(33,'admin','Hanna',NULL,'Saad','Hanna.Saad','Hanna.Saad@primesouth.com.lb',NULL,'25',NULL,NULL,'2016-02-16',NULL,'','','2023-12-27 07:36:55.859716',0,1,1,49,5,NULL,0,0,0,'2023-12-27 07:36:55.859716',29);
INSERT INTO "accounts_account" VALUES(34,'admin','Hassan',NULL,'Chaker','Hassan.Chaker','Hassan.Chaker@primesouth.com.lb',NULL,'29',NULL,NULL,'2016-02-16',NULL,'','','2023-12-27 07:36:55.862716',0,1,1,17,7,NULL,0,0,0,'2023-12-27 07:36:55.862716',38);
INSERT INTO "accounts_account" VALUES(35,'admin','Hassan',NULL,'M.Eid','Hassan.M.Eid','Hassan.M.Eid@primesouth.com.lb',NULL,'208',NULL,NULL,'2016-02-16',NULL,'','','2023-12-27 07:36:55.867623',0,1,1,36,1,NULL,0,0,0,'2023-12-27 07:36:55.867623',91);
INSERT INTO "accounts_account" VALUES(36,'admin','Hassan',NULL,'Eid','Hassan.Eid','Hassan.Eid@primesouth.com.lb',NULL,'26',NULL,NULL,'2016-02-16',NULL,'','','2023-12-27 07:36:55.871279',0,1,1,11,8,NULL,0,0,0,'2023-12-27 07:36:55.871279',58);
INSERT INTO "accounts_account" VALUES(37,'admin','Hassan',NULL,'El-Hussein','Hassan.El-Hussein','Hassan.El-Hussein@primesouth.com.lb',NULL,'27',NULL,NULL,'2016-02-16',NULL,'','','2023-12-27 07:36:55.874277',0,1,1,9,4,NULL,0,0,0,'2023-12-27 07:36:55.874277',110);
INSERT INTO "accounts_account" VALUES(38,'pbkdf2_sha256$720000$5aPXQleCzycoGXlFY6cpNJ$NxE4hYUQ3huLwkwJv6HwUSDXUYFQJ7ojYTYRZrhZ0+0=','Haysal',NULL,'Ghamrawi','Haysal.Ghamrawi','Haysal.Ghamrawi@primesouth.com.lb',NULL,'420',NULL,NULL,'2016-02-16',NULL,'','','2023-12-27 07:36:10',1,1,1,16,7,'',0,0,0,'2024-01-26 11:48:19.991801',29);
INSERT INTO "accounts_account" VALUES(39,'admin','Haytham',NULL,'El-kheir','Haytham.El-kheir','Haytham.El-kheir@primesouth.com.lb',NULL,'30',NULL,NULL,'2016-02-16',NULL,'','','2023-12-27 07:36:55.877276',0,1,1,44,6,NULL,0,0,0,'2023-12-27 07:36:55.877276',44);
INSERT INTO "accounts_account" VALUES(40,'admin','Henry',NULL,'Daher','Henry.Daher','Henry.Daher@primesouth.com.lb',NULL,'407',NULL,NULL,'2016-02-16',NULL,'','','2023-12-27 07:36:55.881730',0,1,1,13,4,NULL,0,0,0,'2023-12-27 07:36:55.881730',110);
INSERT INTO "accounts_account" VALUES(42,'admin','Ibrahim',NULL,'Dhaiby','Ibrahim.Dhaiby','Ibrahim.Dhaiby@primesouth.com.lb',NULL,'285',NULL,NULL,'2016-02-16',NULL,'','','2023-12-27 07:36:55.888306',0,1,1,4,5,NULL,0,0,0,'2023-12-27 07:36:55.888306',29);
INSERT INTO "accounts_account" VALUES(43,'admin','Imad',NULL,'Haydar','Imad.Haydar','Imad.Haydar@primesouth.com.lb',NULL,'31',NULL,NULL,'2016-02-16',NULL,'','','2023-12-27 07:36:55.891306',0,1,1,11,8,NULL,0,0,0,'2023-12-27 07:36:55.891306',58);
INSERT INTO "accounts_account" VALUES(44,'admin','Issam',NULL,'Abou-Chaker','Issam.Abou-Chaker','Issam.Abou-Chaker@primesouth.com.lb',NULL,'32',NULL,NULL,'2016-02-16',NULL,'','','2023-12-27 07:34:37.192084',0,1,1,26,8,NULL,0,0,0,'2023-12-27 07:34:37.192084',104);
INSERT INTO "accounts_account" VALUES(45,'admin','Issam',NULL,'Mezher','Issam.Mezher','Issam.Mezher@primesouth.com.lb',NULL,'33',NULL,NULL,'2016-02-16',NULL,'','','2023-12-27 07:36:55.894306',0,1,1,27,8,NULL,0,0,0,'2023-12-27 07:36:55.894306',53);
INSERT INTO "accounts_account" VALUES(46,'admin','Jamal',NULL,'Abbass','Jamal.Abbass','Jamal.Abbass@primesouth.com.lb',NULL,'35',NULL,NULL,'2016-02-16',NULL,'','','2023-12-27 07:36:55.898276',0,1,1,18,7,NULL,0,0,0,'2023-12-27 07:36:55.898276',38);
INSERT INTO "accounts_account" VALUES(47,'admin','Jeannot',NULL,'Semaan','Jeannot.Semaan','Jeannot.Semaan@primesouth.com.lb',NULL,'247',NULL,NULL,'2016-02-16',NULL,'','','2023-12-27 07:36:55.901879',0,1,1,24,5,NULL,0,0,0,'2023-12-27 07:36:55.901879',29);
INSERT INTO "accounts_account" VALUES(48,'admin','Joseph',NULL,'Kfoury','Joseph.Kfoury','Joseph.Kfoury@primesouth.com.lb',NULL,'36',NULL,NULL,'2016-02-16',NULL,'','','2023-12-27 07:36:55.904882',0,1,1,44,6,NULL,0,0,0,'2023-12-27 07:36:55.904882',44);
INSERT INTO "accounts_account" VALUES(49,'admin','Joumana',NULL,'Abboud','Joumana.Abboud','Joumana.Abboud@primesouth.com.lb',NULL,'37',NULL,NULL,'2016-02-16',NULL,'','','2023-12-27 07:36:55.907880',0,1,1,11,8,NULL,0,0,0,'2023-12-27 07:36:55.907880',58);
INSERT INTO "accounts_account" VALUES(50,'admin','Kamal',NULL,'Mougheit','Kamal.Mougheit','Kamal.Mougheit@primesouth.com.lb',NULL,'38',NULL,NULL,'2016-02-16',NULL,'','','2023-12-27 07:36:55.910880',0,1,1,45,4,NULL,0,0,0,'2023-12-27 07:36:55.910880',110);
INSERT INTO "accounts_account" VALUES(51,'admin','Kamel',NULL,'El-Sayed-Ahmad','Kamel.El-Sayed-Ahmad','Kamel.El-Sayed-Ahmad@primesouth.com.lb',NULL,'39',NULL,NULL,'2016-02-16',NULL,'','','2023-12-27 07:36:55.914849',0,1,1,45,4,NULL,0,0,0,'2023-12-27 07:36:55.914849',110);
INSERT INTO "accounts_account" VALUES(52,'admin','Khaled',NULL,'Abdel-Kader','Khaled.Abdel-Kader','Khaled.Abdel-Kader@primesouth.com.lb',NULL,'4',NULL,NULL,'2016-02-16',NULL,'','','2023-12-27 07:36:55.917959',0,1,1,45,4,NULL,0,0,0,'2023-12-27 07:36:55.917959',110);
INSERT INTO "accounts_account" VALUES(53,'admin','Khaled',NULL,'Chehadeh','Khaled.Chehadeh','Khaled.Chehadeh@primesouth.com.lb',NULL,'40',NULL,NULL,'2016-02-16',NULL,'','','2023-12-27 07:33:14.302535',0,1,1,37,8,NULL,0,0,0,'2023-12-27 07:33:14.302535',29);
INSERT INTO "accounts_account" VALUES(54,'admin','Khaled',NULL,'El-Douheiby','Khaled.El-Douheiby','Khaled.El-Douheiby@primesouth.com.lb',NULL,'42',NULL,NULL,'2016-02-16',NULL,'','','2023-12-27 07:36:55.920960',0,1,1,44,6,NULL,0,0,0,'2023-12-27 07:36:55.920960',44);
INSERT INTO "accounts_account" VALUES(55,'admin','Khaled',NULL,'El-Zohbi','Khaled.El-Zohbi','Khaled.El-Zohbi@primesouth.com.lb',NULL,'41',NULL,NULL,'2016-02-16',NULL,'','','2023-12-27 07:36:55.923965',0,1,1,47,4,NULL,0,0,0,'2023-12-27 07:36:55.923965',110);
INSERT INTO "accounts_account" VALUES(56,'admin','Khaled',NULL,'Islambouli','Khaled.Islambouli','Khaled.Islambouli@primesouth.com.lb',NULL,'412',NULL,NULL,'2016-02-16',NULL,'','','2023-12-27 07:36:55.926964',0,1,1,5,4,NULL,0,0,0,'2023-12-27 07:36:55.926964',110);
INSERT INTO "accounts_account" VALUES(57,'admin','Khalil',NULL,'Douheiby','Khalil.Douheiby','Khalil.Douheiby@primesouth.com.lb',NULL,'44',NULL,NULL,'2016-02-16',NULL,'','','2023-12-27 07:36:55.931057',0,1,1,37,1,NULL,0,0,0,'2023-12-27 07:36:55.931057',91);
INSERT INTO "accounts_account" VALUES(58,'admin','Khalil',NULL,'El-Eter','Khalil.El-Eter','Khalil.El-Eter@primesouth.com.lb',NULL,'45',NULL,NULL,'2016-02-16',NULL,'','','2023-12-27 07:33:14.310110',0,1,1,10,8,NULL,0,0,0,'2023-12-27 07:33:14.310110',53);
INSERT INTO "accounts_account" VALUES(59,'admin','Laurine',NULL,'Abbass','Laurine.Abbass','Laurine.Abbass@primesouth.com.lb',NULL,'47',NULL,NULL,'2016-02-16',NULL,'','','2023-12-27 07:36:55.933873',0,1,1,6,4,NULL,0,0,0,'2023-12-27 07:36:55.933873',110);
INSERT INTO "accounts_account" VALUES(60,'admin','Louis',NULL,'Abdel-Ahad','Louis.Abdel-Ahad','Louis.Abdel-Ahad@primesouth.com.lb',NULL,'3',NULL,NULL,'2016-02-16',NULL,'','','2023-12-27 07:36:55.936873',0,1,1,21,4,NULL,0,0,0,'2023-12-27 07:36:55.936873',110);
INSERT INTO "accounts_account" VALUES(61,'admin','Majed',NULL,'El-Chami','Majed.El-Chami','Majed.El-Chami@primesouth.com.lb',NULL,'209',NULL,NULL,'2016-02-16',NULL,'','','2023-12-27 07:36:55.940385',0,1,1,33,5,NULL,0,0,0,'2023-12-27 07:36:55.940385',29);
INSERT INTO "accounts_account" VALUES(62,'admin','Mahmoud','','Malas','Mahmoud.Malas','Mahmoud.Malas@primesouth.com.lb','','49','','','2016-02-16',NULL,'','','2023-12-27 07:36:55.943691',0,1,1,44,6,NULL,0,0,0,'2023-12-27 07:36:55.943691',44);
INSERT INTO "accounts_account" VALUES(63,'admin','Mohamad',NULL,'Malas','Mohamad.Malas','Mohamad.Malas@primesouth.com.lb',NULL,'54',NULL,NULL,'2016-02-16',NULL,'','','2023-12-27 07:36:55.947532',0,1,1,45,4,NULL,0,0,0,'2023-12-27 07:36:55.947532',110);
INSERT INTO "accounts_account" VALUES(64,'admin','Marcel',NULL,'Arfoul','Marcel.Arfoul','Marcel.Arfoul@primesouth.com.lb',NULL,'50',NULL,NULL,'2016-02-16',NULL,'','','2023-12-27 07:36:55.950539',0,1,1,36,1,NULL,0,0,0,'2023-12-27 07:36:55.950539',91);
INSERT INTO "accounts_account" VALUES(65,'pbkdf2_sha256$720000$GhUUYXsANxzo3XKsYIUH9g$n0NSLdoioIsJHuBjxLycxGHbaXJ+rIqTkD5vbpN9fQA=','Mahmoud',NULL,'Alwan','Mahmoud.Alwan','Mahmoud.Alwan@primesouth.com.lb',NULL,'403',NULL,NULL,'2016-02-16',NULL,'','','2023-12-27 07:36:10',1,1,1,28,2,'images/photos/employee/mahmoud_alwan.jpg',1,1,0,'2024-02-06 05:24:18.153501',29);
INSERT INTO "accounts_account" VALUES(66,'admin','Maysaa',NULL,'Korhani','Maysaa.Korhani','Maysaa.Korhani@primesouth.com.lb',NULL,'52',NULL,NULL,'2016-02-16',NULL,'','','2023-12-27 07:36:55.954539',0,1,1,6,4,NULL,0,0,0,'2023-12-27 07:36:55.954539',110);
INSERT INTO "accounts_account" VALUES(67,'admin','Mohamad',NULL,'Eid','Mohamad.Eid','Mohamad.Eid@primesouth.com.lb',NULL,'53',NULL,NULL,'2016-02-16',NULL,'','','2023-12-27 07:36:55.957539',0,1,1,38,1,NULL,0,0,0,'2023-12-27 07:36:55.957539',91);
INSERT INTO "accounts_account" VALUES(68,'admin','Mohamad',NULL,'El-Awik','Mohamad.El-Awik','Mohamad.El-Awik@primesouth.com.lb',NULL,'55',NULL,NULL,'2016-02-16',NULL,'','','2023-12-27 07:36:55.960539',0,1,1,44,6,NULL,0,0,0,'2023-12-27 07:36:55.960539',44);
INSERT INTO "accounts_account" VALUES(69,'admin','Mohamad',NULL,'El-Hajj','Mohamad.El-Hajj','Mohamad.El-Hajj@primesouth.com.lb',NULL,'406',NULL,NULL,'2016-02-16',NULL,'','','2023-12-27 07:36:55.963540',0,1,1,18,7,NULL,0,0,0,'2023-12-27 07:36:55.963540',38);
INSERT INTO "accounts_account" VALUES(70,'admin','Mohamad',NULL,'El-Kheir','Mohamad.El-Kheir','Mohamad.El-Kheir@primesouth.com.lb',NULL,'57',NULL,NULL,'2016-02-16',NULL,'','','2023-12-27 07:36:55.967146',0,1,1,47,4,'',0,1,0,'2023-12-27 07:36:55.967146',110);
INSERT INTO "accounts_account" VALUES(71,'admin','Mohamad',NULL,'El-Aarja','Mohamad.El-Aarja','Mohamad.El-Aarja@primesouth.com.lb',NULL,'416',NULL,NULL,'2016-02-16',NULL,'','','2023-12-27 07:36:55.970146',0,1,1,31,2,'',0,1,0,'2023-12-27 07:36:55.970146',65);
INSERT INTO "accounts_account" VALUES(72,'admin','Mohamad',NULL,'Moussa','Mohamad.Moussa','Mohamad.Moussa@primesouth.com.lb',NULL,'56',NULL,NULL,'2016-02-16',NULL,'','','2023-12-27 07:36:55.973149',0,1,1,44,6,NULL,0,0,0,'2023-12-27 07:36:55.973149',44);
INSERT INTO "accounts_account" VALUES(73,'admin','Mohammad',NULL,'El-Eter','Mohammad.El-Eter','Mohammad.El-Eter@primesouth.com.lb',NULL,'58',NULL,NULL,'2016-02-16',NULL,'','','2023-12-27 07:36:55.976115',0,1,1,11,8,NULL,0,0,0,'2023-12-27 07:36:55.976115',58);
INSERT INTO "accounts_account" VALUES(74,'admin','Milad',NULL,'Srour','Milad.Srour','Milad.Srour@primesouth.com.lb',NULL,'191',NULL,NULL,'2016-02-16',NULL,'','','2023-12-27 07:36:55.979120',0,1,1,15,5,NULL,0,0,0,'2023-12-27 07:36:55.979120',104);
INSERT INTO "accounts_account" VALUES(75,'admin','Mostapha',NULL,'El-Jundi','Mostapha.El-Jundi','Mostapha.El-Jundi@primesouth.com.lb',NULL,'60',NULL,NULL,'2016-02-16',NULL,'','','2023-12-27 07:36:55.983853',0,1,1,19,7,NULL,0,0,0,'2023-12-27 07:36:55.983853',38);
INSERT INTO "accounts_account" VALUES(76,'admin','Mostapha',NULL,'El-Masri','Mostapha.El-Masri','Mostapha.El-Masri@primesouth.com.lb',NULL,'59',NULL,NULL,'2016-02-16',NULL,'','','2023-12-27 07:36:55.986853',0,1,1,12,1,NULL,0,0,0,'2023-12-27 07:36:55.986853',91);
INSERT INTO "accounts_account" VALUES(77,'admin','Mostapha',NULL,'Najjar','Mostapha.Najjar','Mostapha.Najjar@primesouth.com.lb',NULL,'419',NULL,NULL,'2016-02-16',NULL,'','','2023-12-27 07:36:55.989852',0,1,1,18,7,NULL,0,0,0,'2023-12-27 07:36:55.989852',38);
INSERT INTO "accounts_account" VALUES(78,'admin','Maurice',NULL,'El-Franji','Maurice.El-Franji','Maurice.El-Franji@primesouth.com.lb',NULL,'51',NULL,NULL,'2016-02-16',NULL,'','','2023-12-27 07:36:55.993426',0,1,1,21,4,NULL,0,0,0,'2023-12-27 07:36:55.993426',110);
INSERT INTO "accounts_account" VALUES(79,'admin','Nader',NULL,'El-hussein','Nader.El-hussein','Nader.El-hussein@primesouth.com.lb',NULL,'287',NULL,NULL,'2016-02-16',NULL,'','','2023-12-27 07:36:55.998044',0,1,1,30,2,'',0,1,0,'2023-12-27 07:36:55.998044',65);
INSERT INTO "accounts_account" VALUES(80,'admin','Nadim',NULL,'Nahleh','Nadim.Nahleh','Nadim.Nahleh@primesouth.com.lb',NULL,'206',NULL,NULL,'2016-02-16',NULL,'','','2023-12-27 07:36:56.001081',0,1,1,11,8,NULL,0,0,0,'2023-12-27 07:36:56.001081',58);
INSERT INTO "accounts_account" VALUES(81,'admin','Nayif',NULL,'Nohra','Nayif.Nohra','Nayif.Nohra@primesouth.com.lb',NULL,'61',NULL,NULL,'2016-02-16',NULL,'','','2023-12-27 07:36:56.006082',0,1,1,37,1,'',0,1,0,'2023-12-27 07:36:56.006082',91);
INSERT INTO "accounts_account" VALUES(82,'admin','Omar',NULL,'Abu-Chaker','Omar.Abu-Chaker','Omar.Abu-Chaker@primesouth.com.lb',NULL,'286',NULL,NULL,'2016-02-16',NULL,'','','2023-12-27 07:36:56.009085',0,1,1,34,1,NULL,0,0,0,'2023-12-27 07:36:56.009085',91);
INSERT INTO "accounts_account" VALUES(83,'admin','Oussama',NULL,'El-Kheir','Oussama.El-Kheir','Oussama.El-Kheir@primesouth.com.lb',NULL,'62',NULL,NULL,'2016-02-16',NULL,'','','2023-12-27 07:36:56.014050',0,1,1,23,8,NULL,0,0,0,'2023-12-27 07:36:56.014050',58);
INSERT INTO "accounts_account" VALUES(84,'admin','Oussama',NULL,'El-Tawil','Oussama.El-Tawil','Oussama.El-Tawil@primesouth.com.lb',NULL,'63',NULL,NULL,'2016-02-16',NULL,'','','2023-12-27 07:36:56.018201',0,1,1,52,5,NULL,0,0,0,'2023-12-27 07:36:56.018201',29);
INSERT INTO "accounts_account" VALUES(85,'admin','Pierre',NULL,'Hassane','Pierre.Hassane','Pierre.Hassane@primesouth.com.lb',NULL,'409',NULL,NULL,'2016-02-16',NULL,'','','2023-12-27 07:36:56.021203',0,1,1,5,4,NULL,0,0,0,'2023-12-27 07:36:56.021203',110);
INSERT INTO "accounts_account" VALUES(86,'admin','Rabih',NULL,'El-Ali','Rabih.El-Ali','Rabih.El-Ali@primesouth.com.lb',NULL,'64',NULL,NULL,'2016-02-16',NULL,'','','2023-12-27 07:36:56.024243',0,1,1,37,1,'',0,1,0,'2023-12-27 07:36:56.024243',91);
INSERT INTO "accounts_account" VALUES(87,'admin','Racha',NULL,'Accoumeh','Racha.Accoumeh','Racha.Accoumeh@primesouth.com.lb',NULL,'205',NULL,NULL,'2016-02-16',NULL,'','','2023-12-27 07:36:56.027240',0,1,1,43,5,NULL,0,0,0,'2023-12-27 07:36:56.027240',104);
INSERT INTO "accounts_account" VALUES(88,'admin','Rachad',NULL,'Douheiby','Rachad.Douheiby','Rachad.Douheiby@primesouth.com.lb',NULL,'65',NULL,NULL,'2016-02-16',NULL,'','','2023-12-27 07:36:56.031777',0,1,1,21,4,NULL,0,0,0,'2023-12-27 07:36:56.031777',110);
INSERT INTO "accounts_account" VALUES(89,'pbkdf2_sha256$720000$aopgHercQNLcL1cS3yI7UO$gmxwAC0YsuvSH/8G61Uue7HM6B/Sn9ya9CauacVRyts=','Raed','A.','Ghamrawi','Raed.Ghamrawi','Raed.Ghamrawi@primesouth.com.lb','03-665325','68',NULL,NULL,'2016-02-16',NULL,'','Baddawi','2023-12-27 07:36:56',1,1,1,32,3,'images/photos/employee/raed_ZTaDgqr.jpg',1,0,0,'2024-01-25 12:47:36.212408',29);
INSERT INTO "accounts_account" VALUES(90,'admin','Raji',NULL,'Awad','Raji.Awad','Raji.Awad@primesouth.com.lb',NULL,'69',NULL,NULL,'2016-02-16',NULL,'','','2023-12-27 07:36:56.039393',0,1,1,44,6,NULL,0,0,0,'2023-12-27 07:36:56.039393',44);
INSERT INTO "accounts_account" VALUES(91,'pbkdf2_sha256$720000$jCKInILUCnPAFmWteuwrVp$akqzekOFaEf3PIqBbHRdiygr+8VlKelcdWsXkJ7n3no=','Roland',NULL,'Khoury','Roland.Khoury','Roland.Khoury@primesouth.com.lb',NULL,'73',NULL,NULL,'2016-02-16',NULL,'','','2016-02-16 00:00:00',1,1,1,35,1,'',0,1,0,'2024-01-30 09:08:03.905309',29);
INSERT INTO "accounts_account" VALUES(92,'admin','Rania',NULL,'Damaa','Rania.Damaa','Rania.Damaa@primesouth.com.lb',NULL,'71',NULL,NULL,'2016-02-16',NULL,'','','2023-12-27 07:36:56.048189',0,1,1,22,5,NULL,0,0,0,'2023-12-27 07:36:56.048189',104);
INSERT INTO "accounts_account" VALUES(93,'admin','Rania',NULL,'Issa','Rania.Issa','Rania.Issa@primesouth.com.lb',NULL,'70',NULL,NULL,'2016-02-16',NULL,'','','2023-12-27 07:36:56.052227',0,1,1,39,4,NULL,0,0,0,'2023-12-27 07:36:56.052227',110);
INSERT INTO "accounts_account" VALUES(94,'admin','Raymond',NULL,'Habib','Raymond.Habib','Raymond.Habib@primesouth.com.lb',NULL,'72',NULL,NULL,'2016-02-16',NULL,'','','2023-12-27 07:36:56.056227',0,1,1,47,4,NULL,0,0,0,'2023-12-27 07:36:56.056227',110);
INSERT INTO "accounts_account" VALUES(95,'admin','Salwa','','Hannouf','Salwa.Hannouf','Salwa.Hannouf@primesouth.com.lb','','74','','','2016-02-16',NULL,'','','2023-12-27 07:36:56.059234',0,1,1,2,6,'',0,0,0,'2023-12-27 07:36:56.059234',104);
INSERT INTO "accounts_account" VALUES(96,'admin','Samer',NULL,'El-Hajj','Samer.El-Hajj','Samer.El-Hajj@primesouth.com.lb',NULL,'245',NULL,NULL,'2016-02-16',NULL,'','','2023-12-27 07:36:56.064222',0,1,1,21,4,NULL,0,0,0,'2023-12-27 07:36:56.064222',110);
INSERT INTO "accounts_account" VALUES(97,'admin','Samer',NULL,'Skaff','Samer.Skaff','Samer.Skaff@primesouth.com.lb',NULL,'1',NULL,NULL,'2016-02-16',NULL,'','','2023-12-27 07:36:56.067294',0,1,1,5,4,NULL,0,0,0,'2023-12-27 07:36:56.067294',110);
INSERT INTO "accounts_account" VALUES(98,'admin','Sandra',NULL,'Saad','Sandra.Saad','Sandra.Saad@primesouth.com.lb',NULL,'78',NULL,NULL,'2016-02-16',NULL,'','','2023-12-27 07:27:55.722063',0,1,1,20,5,NULL,0,0,0,'2023-12-27 07:27:55.722063',111);
INSERT INTO "accounts_account" VALUES(99,'admin','Sobhi',NULL,'Wraydeh','Sobhi.Wraydeh','Sobhi.Wraydeh@primesouth.com.lb',NULL,'79',NULL,NULL,'2016-02-16',NULL,'','','2023-12-27 07:36:56.071294',0,1,1,44,6,NULL,0,0,0,'2023-12-27 07:36:56.071294',44);
INSERT INTO "accounts_account" VALUES(100,'admin','Souheil',NULL,'El-Hajj','Souheil.El-Hajj','Souheil.El-Hajj@primesouth.com.lb',NULL,'80',NULL,NULL,'2016-02-16',NULL,'','','2023-12-27 07:36:56.074293',0,1,1,36,1,NULL,0,0,0,'2023-12-27 07:36:56.074293',91);
INSERT INTO "accounts_account" VALUES(101,'admin','Talal','','Mawas','Talal.Mawas','Talal.Mawas@primesouth.com.lb','','264','','','2016-02-16',NULL,'','','2023-12-27 07:33:14.314638',0,1,1,8,4,'',1,1,0,'2023-12-27 07:33:14.314638',116);
INSERT INTO "accounts_account" VALUES(102,'admin','Talal',NULL,'Kayal','Talal.Kayal','Talal.Kayal@primesouth.com.lb',NULL,'81',NULL,NULL,'2016-02-16',NULL,'','','2023-12-27 07:36:56.077294',0,1,0,11,8,'',0,0,0,'2023-12-27 07:36:56.077294',58);
INSERT INTO "accounts_account" VALUES(103,'admin','Talal',NULL,'Rahmeh','Talal.Rahmeh','Talal.Rahmeh@primesouth.com.lb',NULL,'82',NULL,NULL,'2016-02-16',NULL,'','','2023-12-27 07:36:56.082294',0,1,1,21,4,NULL,0,0,0,'2023-12-27 07:36:56.082294',110);
INSERT INTO "accounts_account" VALUES(104,'pbkdf2_sha256$720000$r5Opr5SMaaReWa5dmX5DwT$Fb/0uLtDjAZTRi9LMGCx92yfPoDvECI3pw4gX8PwlhE=','Tarek',NULL,'Merheb','Tarek.Merheb','Tarek.Merheb@primesouth.com.lb',NULL,'83',NULL,NULL,'2016-02-16',NULL,'','','2023-12-27 07:27:55',1,1,1,1,6,'',0,0,0,'2024-02-02 08:41:13.314989',111);
INSERT INTO "accounts_account" VALUES(105,'admin','Tony',NULL,'Daoura','Tony.Daoura','Tony.Daoura@primesouth.com.lb',NULL,'84',NULL,NULL,'2016-02-16',NULL,'','','2023-12-27 07:36:56.086297',0,1,1,5,4,NULL,0,0,0,'2023-12-27 07:36:56.086297',110);
INSERT INTO "accounts_account" VALUES(106,'admin','Walid',NULL,'Hannouf','Walid.Hannouf','Walid.Hannouf@primesouth.com.lb',NULL,'87',NULL,NULL,'2016-02-16',NULL,'','','2023-12-27 07:36:56.089293',0,1,0,25,5,'',0,0,0,'2023-12-27 07:36:56.089293',29);
INSERT INTO "accounts_account" VALUES(107,'admin','Wajih',NULL,'Ossmani','Wajih.Ossmani','Wajih.Ossmani@primesouth.com.lb',NULL,'255',NULL,NULL,'2016-02-16',NULL,'','','2023-12-27 07:36:56',0,1,1,33,8,'',0,0,0,'2023-12-27 07:36:56',53);
INSERT INTO "accounts_account" VALUES(108,'admin','Walid',NULL,'Eid','Walid.Eid','Walid.Eid@primesouth.com.lb',NULL,'86',NULL,NULL,'2016-02-16',NULL,'','','2023-12-27 07:36:56.096311',0,1,1,40,8,NULL,0,0,0,'2023-12-27 07:36:56.096311',53);
INSERT INTO "accounts_account" VALUES(109,'admin','Zaher',NULL,'Eid','Zaher.Eid','Zaher.Eid@primesouth.com.lb',NULL,'88',NULL,NULL,'2016-02-16',NULL,'','','2023-12-27 07:36:56.100472',0,1,1,21,4,NULL,0,0,0,'2023-12-27 07:36:56.100472',110);
INSERT INTO "accounts_account" VALUES(110,'admin','Adel','','Adraa','Adel.Adraa','Adel.Adraa@primesouth.com.lb','','413','','','2016-02-16',NULL,'','','2023-12-27 07:27:55.730064',0,1,1,54,4,'',0,0,0,'2023-12-27 07:27:55.730064',111);
INSERT INTO "accounts_account" VALUES(111,'pbkdf2_sha256$720000$7AsYsGs5gvsBRAlIjVHDcx$eSX2S02QdRHgsg7/Y7rMuxooNbhYVQLpJO4biBogun8=','Mustafa',NULL,'Unaldi','Mustafa.unaldi','Mustafa.unaldi@primesouth.com.lb',NULL,'0',NULL,NULL,'2022-02-16',NULL,'','','2023-12-27 07:27:55',1,1,1,53,6,'',0,0,0,'2024-02-02 08:41:58.505467',7);
INSERT INTO "accounts_account" VALUES(116,'pbkdf2_sha256$720000$XEWOtAWhAEKC9tWZStwo3N$ziKhGJcneS7Aqy6huW+arI52Zlq61Is5+eRsPRxWD78=','Moumin','','Mohamed','Moumin.Mohamad','Moumin.Mohamad@primesouth.com.lb','','1000','','','2024-01-16',NULL,'','','2024-01-16 11:18:05.019545',0,0,0,2,4,'',0,0,0,'2024-01-16 11:18:05.019545',111);
INSERT INTO "accounts_account" VALUES(126,'!K9oniQjSTMuMDUiGBHnXVoajbLXwRTvN09cITO0N','',NULL,NULL,'','AnonymousUser',NULL,NULL,NULL,NULL,NULL,NULL,NULL,NULL,'2024-01-23 13:14:01.055726',0,0,0,NULL,NULL,'',0,0,0,'2024-01-23 13:14:01.055726',NULL);
CREATE TABLE "guardian_groupobjectpermission" ("id" integer NOT NULL PRIMARY KEY AUTOINCREMENT, "object_pk" varchar(255) NOT NULL, "content_type_id" integer NOT NULL REFERENCES "django_content_type" ("id") DEFERRABLE INITIALLY DEFERRED, "group_id" integer NOT NULL REFERENCES "auth_group" ("id") DEFERRABLE INITIALLY DEFERRED, "permission_id" integer NOT NULL REFERENCES "auth_permission" ("id") DEFERRABLE INITIALLY DEFERRED);
CREATE TABLE "guardian_userobjectpermission" ("id" integer NOT NULL PRIMARY KEY AUTOINCREMENT, "object_pk" varchar(255) NOT NULL, "content_type_id" integer NOT NULL REFERENCES "django_content_type" ("id") DEFERRABLE INITIALLY DEFERRED, "permission_id" integer NOT NULL REFERENCES "auth_permission" ("id") DEFERRABLE INITIALLY DEFERRED, "user_id" bigint NOT NULL REFERENCES "accounts_account" ("id") DEFERRABLE INITIALLY DEFERRED);
CREATE TABLE "overtime_overtime" ("id" integer NOT NULL PRIMARY KEY AUTOINCREMENT, "ot_date" date NOT NULL, "from_time" time NULL, "total_hours" decimal NULL, "rate" decimal NULL, "reason" text NOT NULL, "first_app_status" integer NOT NULL, "second_app_status" integer NOT NULL, "third_app_status" integer NOT NULL, "fourth_app_status" integer NOT NULL, "status" integer NOT NULL, "approval_position" integer NOT NULL, "employee_id" bigint NULL REFERENCES "accounts_account" ("id") DEFERRABLE INITIALLY DEFERRED, "first_approval_id" bigint NULL REFERENCES "accounts_account" ("id") DEFERRABLE INITIALLY DEFERRED, "fourth_approval_id" bigint NULL REFERENCES "accounts_account" ("id") DEFERRABLE INITIALLY DEFERRED, "second_approval_id" bigint NULL REFERENCES "accounts_account" ("id") DEFERRABLE INITIALLY DEFERRED, "third_approval_id" bigint NULL REFERENCES "accounts_account" ("id") DEFERRABLE INITIALLY DEFERRED, "to_time" time NULL);
INSERT INTO "overtime_overtime" VALUES(1,'2024-01-29','18:50:00',NULL,1.5,'Dit drier',0,0,0,0,0,1,8,65,111,29,104,'17:48:00');
INSERT INTO "overtime_overtime" VALUES(3,'2024-02-06','07:27:00',NULL,NULL,'',0,0,0,0,0,1,65,NULL,NULL,NULL,NULL,'19:26:00');
INSERT INTO "overtime_overtime" VALUES(4,'2024-02-06','18:00:00',NULL,NULL,'',0,0,0,0,0,1,71,NULL,NULL,NULL,NULL,'19:00:00');
CREATE TABLE "vacations_vacation" ("id" integer NOT NULL PRIMARY KEY AUTOINCREMENT, "from_date" date NULL, "to_date" date NULL, "nodays" decimal NULL, "ampm" varchar(2) NULL, "remarks" text NOT NULL, "employee_id" bigint NULL REFERENCES "accounts_account" ("id") DEFERRABLE INITIALLY DEFERRED, "vac_date" date NOT NULL, "first_approval_id" bigint NULL REFERENCES "accounts_account" ("id") DEFERRABLE INITIALLY DEFERRED, "second_approval_id" bigint NULL REFERENCES "accounts_account" ("id") DEFERRABLE INITIALLY DEFERRED, "third_approval_id" bigint NULL REFERENCES "accounts_account" ("id") DEFERRABLE INITIALLY DEFERRED, "fourth_approval_id" bigint NULL REFERENCES "accounts_account" ("id") DEFERRABLE INITIALLY DEFERRED, "first_app_status" integer NOT NULL, "fourth_app_status" integer NOT NULL, "second_app_status" integer NOT NULL, "third_app_status" integer NOT NULL, "status" integer NOT NULL, "approval_position" integer NOT NULL, "first_app_date" datetime NULL, "fourth_app_date" datetime NULL, "second_app_date" datetime NULL, "third_app_date" datetime NULL);
INSERT INTO "vacations_vacation" VALUES(2,'2024-02-02','2024-02-02',1,'','',8,'2024-02-02',65,29,104,111,1,1,1,1,1,4,'2024-02-02 07:55:23.822738','2024-02-02 07:55:23.822738','2024-02-02 07:55:23.822738','2024-02-02 07:55:23.822738');
INSERT INTO "vacations_vacation" VALUES(3,'2024-02-12','2024-02-12',1,'','',79,'2024-02-02',65,29,104,111,0,0,0,0,0,1,'2024-02-02 08:50:27.755815','2024-02-02 08:50:27.755815','2024-02-02 08:50:27.755815','2024-02-02 08:50:27.755815');
DELETE FROM sqlite_sequence;
INSERT INTO "sqlite_sequence" VALUES('django_migrations',59);
INSERT INTO "sqlite_sequence" VALUES('django_admin_log',364);
INSERT INTO "sqlite_sequence" VALUES('django_content_type',13);
INSERT INTO "sqlite_sequence" VALUES('auth_permission',52);
INSERT INTO "sqlite_sequence" VALUES('auth_group',3);
INSERT INTO "sqlite_sequence" VALUES('positions_position',55);
INSERT INTO "sqlite_sequence" VALUES('departments_department',8);
INSERT INTO "sqlite_sequence" VALUES('vacations_employeeleavestat',20);
INSERT INTO "sqlite_sequence" VALUES('accounts_account',126);
INSERT INTO "sqlite_sequence" VALUES('accounts_account_user_permissions',2);
INSERT INTO "sqlite_sequence" VALUES('guardian_groupobjectpermission',2);
INSERT INTO "sqlite_sequence" VALUES('accounts_account_groups',11);
INSERT INTO "sqlite_sequence" VALUES('auth_group_permissions',23);
INSERT INTO "sqlite_sequence" VALUES('overtime_overtime',4);
INSERT INTO "sqlite_sequence" VALUES('vacations_vacation',3);
CREATE INDEX "django_admin_log_content_type_id_c4bce8eb" ON "django_admin_log" ("content_type_id");
CREATE INDEX "django_admin_log_user_id_c564eba6" ON "django_admin_log" ("user_id");
CREATE UNIQUE INDEX "django_content_type_app_label_model_76bd3d3b_uniq" ON "django_content_type" ("app_label", "model");
CREATE UNIQUE INDEX "auth_group_permissions_group_id_permission_id_0cd325b0_uniq" ON "auth_group_permissions" ("group_id", "permission_id");
CREATE INDEX "auth_group_permissions_group_id_b120cbf9" ON "auth_group_permissions" ("group_id");
CREATE INDEX "auth_group_permissions_permission_id_84c5c92e" ON "auth_group_permissions" ("permission_id");
CREATE UNIQUE INDEX "auth_permission_content_type_id_codename_01ab375a_uniq" ON "auth_permission" ("content_type_id", "codename");
CREATE INDEX "auth_permission_content_type_id_2f476e4b" ON "auth_permission" ("content_type_id");
CREATE INDEX "django_session_expire_date_a5c62663" ON "django_session" ("expire_date");
CREATE UNIQUE INDEX "accounts_account_groups_account_id_group_id_f64165b0_uniq" ON "accounts_account_groups" ("account_id", "group_id");
CREATE INDEX "accounts_account_groups_account_id_52f14852" ON "accounts_account_groups" ("account_id");
CREATE INDEX "accounts_account_groups_group_id_7c6a6bd1" ON "accounts_account_groups" ("group_id");
CREATE UNIQUE INDEX "accounts_account_user_permissions_account_id_permission_id_9af93c14_uniq" ON "accounts_account_user_permissions" ("account_id", "permission_id");
CREATE INDEX "accounts_account_user_permissions_account_id_816f9bde" ON "accounts_account_user_permissions" ("account_id");
CREATE INDEX "accounts_account_user_permissions_permission_id_24620205" ON "accounts_account_user_permissions" ("permission_id");
CREATE INDEX "accounts_account_position_id_8cd2842f" ON "accounts_account" ("position_id");
CREATE INDEX "accounts_account_department_id_01505d3b" ON "accounts_account" ("department_id");
CREATE INDEX "accounts_account_head_dep_id_76d5bc61" ON "accounts_account" ("head_dep_id");
CREATE UNIQUE INDEX "guardian_userobjectpermission_user_id_permission_id_object_pk_b0b3d2fc_uniq" ON "guardian_userobjectpermission" ("user_id", "permission_id", "object_pk");
CREATE UNIQUE INDEX "guardian_groupobjectpermission_group_id_permission_id_object_pk_3f189f7c_uniq" ON "guardian_groupobjectpermission" ("group_id", "permission_id", "object_pk");
CREATE INDEX "guardian_groupobjectpermission_content_type_id_7ade36b8" ON "guardian_groupobjectpermission" ("content_type_id");
CREATE INDEX "guardian_groupobjectpermission_group_id_4bbbfb62" ON "guardian_groupobjectpermission" ("group_id");
CREATE INDEX "guardian_groupobjectpermission_permission_id_36572738" ON "guardian_groupobjectpermission" ("permission_id");
CREATE INDEX "guardian_userobjectpermission_content_type_id_2e892405" ON "guardian_userobjectpermission" ("content_type_id");
CREATE INDEX "guardian_userobjectpermission_permission_id_71807bfc" ON "guardian_userobjectpermission" ("permission_id");
CREATE INDEX "guardian_userobjectpermission_user_id_d5c1e964" ON "guardian_userobjectpermission" ("user_id");
CREATE INDEX "guardian_gr_content_ae6aec_idx" ON "guardian_groupobjectpermission" ("content_type_id", "object_pk");
CREATE INDEX "guardian_us_content_179ed2_idx" ON "guardian_userobjectpermission" ("content_type_id", "object_pk");
CREATE INDEX "overtime_overtime_employee_id_80bed9db" ON "overtime_overtime" ("employee_id");
CREATE INDEX "overtime_overtime_first_approval_id_115e8405" ON "overtime_overtime" ("first_approval_id");
CREATE INDEX "overtime_overtime_fourth_approval_id_14c6cfe6" ON "overtime_overtime" ("fourth_approval_id");
CREATE INDEX "overtime_overtime_second_approval_id_5f5b47d8" ON "overtime_overtime" ("second_approval_id");
CREATE INDEX "overtime_overtime_third_approval_id_1d5b4af9" ON "overtime_overtime" ("third_approval_id");
CREATE INDEX "vacations_vacation_employee_id_ab6db9e2" ON "vacations_vacation" ("employee_id");
CREATE INDEX "vacations_vacation_first_approval_id_19177c47" ON "vacations_vacation" ("first_approval_id");
CREATE INDEX "vacations_vacation_second_approval_id_d9b04206" ON "vacations_vacation" ("second_approval_id");
CREATE INDEX "vacations_vacation_third_approval_id_db43892d" ON "vacations_vacation" ("third_approval_id");
CREATE INDEX "vacations_vacation_fourth_approval_id_2946f7b9" ON "vacations_vacation" ("fourth_approval_id");
COMMIT;
